{
  "energy_exact": {
    "mean": 25.08700081214298,
    "std": 3.9096754486599172,
    "min": 18.57742059518514,
    "max": 30.868714565332603,
    "median": 25.624353908807578,
    "count": 10,
    "ci_95": 2.423241948641984
  },
  "energy_frag20": {
    "mean": 25.08700081214298,
    "std": 3.9096754486599172,
    "min": 18.57742059518514,
    "max": 30.868714565332603,
    "median": 25.624353908807578,
    "count": 10,
    "ci_95": 2.423241948641984
  },
  "error_frag20": {
    "mean": 0.0,
    "std": 0.0,
    "min": 0.0,
    "max": 0.0,
    "median": 0.0,
    "count": 10,
    "ci_95": 0.0
  },
  "ram_mb_frag20": {
    "mean": 16.0,
    "std": 0.0,
    "min": 16.0,
    "max": 16.0,
    "median": 16.0,
    "count": 10,
    "ci_95": 0.0
  },
  "num_cuts_frag20": {
    "mean": 0.0,
    "std": 0.0,
    "min": 0.0,
    "max": 0.0,
    "median": 0.0,
    "count": 10,
    "ci_95": 0.0
  },
  "num_fragments_frag20": {
    "mean": 1.0,
    "std": 0.0,
    "min": 1.0,
    "max": 1.0,
    "median": 1.0,
    "count": 10,
    "ci_95": 0.0
  },
  "qpd_overhead_frag20": {
    "mean": 1.0,
    "std": 0.0,
    "min": 1.0,
    "max": 1.0,
    "median": 1.0,
    "count": 10,
    "ci_95": 0.0
  },
  "energy_frag16": {
    "mean": 0.671935787984078,
    "std": 14.331693630663377,
    "min": -12.079539750710323,
    "max": 40.3216199746712,
    "median": -2.4000103602834795,
    "count": 10,
    "ci_95": 8.882875741722353
  },
  "error_frag16": {
    "mean": 28.182207023736566,
    "std": 6.52589972862856,
    "min": 18.835709997888316,
    "max": 38.734524708426285,
    "median": 29.2640644764012,
    "count": 10,
    "ci_95": 4.044794557170833
  },
  "ram_mb_frag16": {
    "mean": 1.0016708374023438,
    "std": 0.0028411787383303736,
    "min": 1.0000457763671875,
    "max": 1.0098876953125,
    "median": 1.0008468627929688,
    "count": 10,
    "ci_95": 0.001760980826342434
  },
  "num_cuts_frag16": {
    "mean": 2.1,
    "std": 1.1357816691600546,
    "min": 1.0,
    "max": 4.0,
    "median": 2.0,
    "count": 10,
    "ci_95": 0.7039647718458644
  },
  "num_fragments_frag16": {
    "mean": 2.0,
    "std": 0.0,
    "min": 2.0,
    "max": 2.0,
    "median": 2.0,
    "count": 10,
    "ci_95": 0.0
  },
  "qpd_overhead_frag16": {
    "mean": 219.0,
    "std": 372.3989795904387,
    "min": 6.0,
    "max": 1296.0,
    "median": 111.0,
    "count": 10,
    "ci_95": 230.8152788703555
  },
  "time_frag16": {
    "mean": 211.163312125206,
    "std": 411.9797503110097,
    "min": 2.394507646560669,
    "max": 1423.7668149471283,
    "median": 68.79591846466064,
    "count": 10,
    "ci_95": 255.34769472664954
  },
  "energy_frag14": {
    "mean": 3.0145131797280826,
    "std": 23.093068970102554,
    "min": -36.20007440524106,
    "max": 63.88838710000879,
    "median": 0.8610015812012244,
    "count": 10,
    "ci_95": 14.313232437341048
  },
  "error_frag14": {
    "mean": 28.67642213935013,
    "std": 9.459522437176819,
    "min": 20.14578644275193,
    "max": 54.7774950004262,
    "median": 26.438568292401865,
    "count": 10,
    "ci_95": 5.863072749873376
  },
  "ram_mb_frag14": {
    "mean": 0.25199127197265625,
    "std": 0.002727921994757592,
    "min": 0.2500457763671875,
    "max": 0.2598876953125,
    "median": 0.25164794921875,
    "count": 10,
    "ci_95": 0.0016907835694099636
  },
  "num_cuts_frag14": {
    "mean": 2.5,
    "std": 1.02469507659596,
    "min": 1.0,
    "max": 4.0,
    "median": 3.0,
    "count": 10,
    "ci_95": 0.6351125884439703
  },
  "num_fragments_frag14": {
    "mean": 2.0,
    "std": 0.0,
    "min": 2.0,
    "max": 2.0,
    "median": 2.0,
    "count": 10,
    "ci_95": 0.0
  },
  "qpd_overhead_frag14": {
    "mean": 261.0,
    "std": 357.5541916968671,
    "min": 6.0,
    "max": 1296.0,
    "median": 216.0,
    "count": 10,
    "ci_95": 221.61438400970275
  },
  "time_frag14": {
    "mean": 246.42196547985077,
    "std": 401.65649104540097,
    "min": 2.3727235794067383,
    "max": 1429.5460894107819,
    "median": 168.01677107810974,
    "count": 10,
    "ci_95": 248.94927234412043
  },
  "energy_frag12": {
    "mean": -5.867201200517617,
    "std": 18.735269857075615,
    "min": -39.995939813242536,
    "max": 18.591708704746345,
    "median": -3.1617673614367137,
    "count": 10,
    "ci_95": 11.612240563946221
  },
  "error_frag12": {
    "mean": 30.954202012660595,
    "std": 19.302915725956073,
    "min": 7.032057480243044,
    "max": 70.86465437857514,
    "median": 27.235132180123223,
    "count": 10,
    "ci_95": 11.96407111855554
  },
  "ram_mb_frag12": {
    "mean": 0.0654754638671875,
    "std": 0.0035113785847348217,
    "min": 0.0625457763671875,
    "max": 0.0723876953125,
    "median": 0.06414794921875,
    "count": 10,
    "ci_95": 0.002176374994760515
  },
  "num_cuts_frag12": {
    "mean": 2.8,
    "std": 0.9797958971132712,
    "min": 1.0,
    "max": 4.0,
    "median": 3.0,
    "count": 10,
    "ci_95": 0.6072837886853228
  },
  "num_fragments_frag12": {
    "mean": 2.0,
    "std": 0.0,
    "min": 2.0,
    "max": 2.0,
    "median": 2.0,
    "count": 10,
    "ci_95": 0.0
  },
  "qpd_overhead_frag12": {
    "mean": 390.0,
    "std": 460.24341385836254,
    "min": 6.0,
    "max": 1296.0,
    "median": 216.0,
    "count": 10,
    "ci_95": 285.2618233132502
  },
  "time_frag12": {
    "mean": 396.42859930992125,
    "std": 537.9812174281452,
    "min": 2.413782835006714,
    "max": 1503.8458178043365,
    "median": 169.3728450536728,
    "count": 10,
    "ci_95": 333.4442131507893
  },
  "energy_frag10": {
    "mean": -3.9494272087080042,
    "std": 11.002700205423649,
    "min": -34.0920007721701,
    "max": 7.308702846670957,
    "median": -1.0940724367668233,
    "count": 10,
    "ci_95": 6.819544239983683
  },
  "error_frag10": {
    "mean": 29.036428020850984,
    "std": 12.079914911459628,
    "min": 13.711582199016263,
    "max": 59.71694240479587,
    "median": 27.4687282247272,
    "count": 10,
    "ci_95": 7.487208832003759
  },
  "ram_mb_frag10": {
    "mean": 0.01615142822265625,
    "std": 0.0007342078368688404,
    "min": 0.0156707763671875,
    "max": 0.01727294921875,
    "median": 0.0156707763671875,
    "count": 10,
    "ci_95": 0.0004550667319283731
  },
  "num_cuts_frag10": {
    "mean": 1.6,
    "std": 0.9165151389911679,
    "min": 1.0,
    "max": 3.0,
    "median": 1.0,
    "count": 10,
    "ci_95": 0.5680619684506258
  },
  "num_fragments_frag10": {
    "mean": 2.0,
    "std": 0.0,
    "min": 2.0,
    "max": 2.0,
    "median": 2.0,
    "count": 10,
    "ci_95": 0.0
  },
  "qpd_overhead_frag10": {
    "mean": 69.0,
    "std": 96.23408959407264,
    "min": 6.0,
    "max": 216.0,
    "median": 6.0,
    "count": 10,
    "ci_95": 59.64650668731572
  },
  "time_frag10": {
    "mean": 50.44688427448273,
    "std": 73.53996150413697,
    "min": 2.413951873779297,
    "max": 180.9143581390381,
    "median": 2.781551480293274,
    "count": 10,
    "ci_95": 45.58054036925829
  },
  "energy_frag9": {
    "mean": -32.17869405941117,
    "std": 105.88559749733543,
    "min": -308.44849874446254,
    "max": 33.87224960095613,
    "median": 7.739731232815377,
    "count": 8,
    "ci_95": 73.3749755399481
  },
  "error_frag9": {
    "mean": 59.543756592796136,
    "std": 102.2945021119882,
    "min": 0.22976719804434964,
    "max": 327.02591933964766,
    "median": 19.792834135076482,
    "count": 8,
    "ci_95": 70.88647339905869
  },
  "ram_mb_frag9": {
    "mean": 0.0115203857421875,
    "std": 0.0035679147189605475,
    "min": 0.00946044921875,
    "max": 0.0177001953125,
    "median": 0.00946044921875,
    "count": 8,
    "ci_95": 0.002472438758622852
  },
  "num_cuts_frag9": {
    "mean": 3.9,
    "std": 1.374772708486752,
    "min": 3.0,
    "max": 7.0,
    "median": 3.0,
    "count": 10,
    "ci_95": 0.852092952675939
  },
  "num_fragments_frag9": {
    "mean": 4.0,
    "std": 0.0,
    "min": 4.0,
    "max": 4.0,
    "median": 4.0,
    "count": 10,
    "ci_95": 0.0
  },