{
  "optimal_energy": {
    "mean": 0.47782445924589617,
    "std": 0.618220619323782,
    "min": 0.12406022960109325,
    "max": 2.29294911,
    "median": 0.252095175,
    "count": 10,
    "ci_95": 0.3831771096944389
  },
  "exact_ground_state": {
    "mean": -1.7999999999999994,
    "std": 3.944616584663205,
    "min": -5.0,
    "max": 4.00000000000001,
    "median": -5.0,
    "count": 10,
    "ci_95": 2.4448986891075877
  },
  "approx_ratio": {
    "mean": -0.05638083901608436,
    "std": 0.15052585850663913,
    "min": -0.458589822,
    "max": 0.10567919845878038,
    "median": -0.050419035,
    "count": 10,
    "ci_95": 0.09329689368810941
  },
  "num_evaluations": {
    "mean": 78.8,
    "std": 6.337191807101943,
    "min": 60.0,
    "max": 82.0,
    "median": 80.0,
    "count": 10,
    "ci_95": 3.927832175640909
  },
  "time_seconds": {
    "mean": 2143.997058391571,
    "std": 2300.9286585116806,
    "min": 1000.0,
    "max": 7819.3967525959015,
    "median": 1000.0,
    "count": 10,
    "ci_95": 1426.1303577127262
  },
  "cuts": {
    "mean": 3.6,
    "std": 0.8,
    "min": 3.0,
    "max": 5.0,
    "median": 3.0,
    "count": 10,
    "ci_95": 0.4958451371144018
  }
}