{
  "random_cuts": {
    "mean": 21.3,
    "std": 5.0803543183522155,
    "min": 14.0,
    "max": 28.0,
    "median": 21.5,
    "count": 10,
    "ci_95": 3.1488362294663723
  },
  "metis_cuts": {
    "mean": 0.0,
    "std": 0.0,
    "min": 0.0,
    "max": 0.0,
    "median": 0.0,
    "count": 10,
    "ci_95": 0.0
  },
  "kl_cuts": {
    "mean": 14.8,
    "std": 3.4,
    "min": 8.0,
    "max": 20.0,
    "median": 14.5,
    "count": 10,
    "ci_95": 2.107341832736208
  },
  "random_time": {
    "mean": 0.0,
    "std": 0.0,
    "min": 0.0,
    "max": 0.0,
    "median": 0.0,
    "count": 10,
    "ci_95": 0.0
  },
  "metis_time": {
    "mean": 0.0,
    "std": 0.0,
    "min": 0.0,
    "max": 0.0,
    "median": 0.0,
    "count": 10,
    "ci_95": 0.0
  },
  "kl_time": {
    "mean": 0.003921890258789062,
    "std": 0.0028235709842631346,
    "min": 0.0007266998291015625,
    "max": 0.007906675338745117,
    "median": 0.004042506217956543,
    "count": 10,
    "ci_95": 0.0017500674273052508
  }
}