{
  "max_fragment_size": {
    "mean": 16.0,
    "std": 0.0,
    "min": 16.0,
    "max": 16.0,
    "median": 16.0,
    "count": 5,
    "ci_95": 0.0
  },
  "cuts": {
    "mean": 7.4,
    "std": 0.8,
    "min": 6.0,
    "max": 8.0,
    "median": 8.0,
    "count": 5,
    "ci_95": 0.7012309177439341
  },
  "time": {
    "mean": 0.0006153583526611328,
    "std": 7.459065374424101e-05,
    "min": 0.0005364418029785156,
    "max": 0.0007464885711669922,
    "median": 0.0005960464477539062,
    "count": 5,
    "ci_95": 6.538159072524266e-05
  },
  "fragments": {
    "mean": 2.0,
    "std": 0.0,
    "min": 2.0,
    "max": 2.0,
    "median": 2.0,
    "count": 5,
    "ci_95": 0.0
  },
  "ram_gb": {
    "mean": 0.000323486328125,
    "std": 0.00020389762070910724,
    "min": 3.0517578125e-05,
    "max": 0.00048828125,
    "median": 0.00048828125,
    "count": 5,
    "ci_95": 0.0001787241446195648
  }
}