{
  "max_fragment_size": {
    "mean": 8.0,
    "std": 0.0,
    "min": 8.0,
    "max": 8.0,
    "median": 8.0,
    "count": 5,
    "ci_95": 0.0
  },
  "cuts": {
    "mean": 15.0,
    "std": 2.756809750418044,
    "min": 12.0,
    "max": 20.0,
    "median": 15.0,
    "count": 5,
    "ci_95": 2.4164502891638384
  },
  "time": {
    "mean": 0.0029483318328857424,
    "std": 0.0023861117327946824,
    "min": 0.000843048095703125,
    "max": 0.0067615509033203125,
    "median": 0.0015573501586914062,
    "count": 5,
    "ci_95": 0.0020915191502839797
  },
  "fragments": {
    "mean": 4.0,
    "std": 0.0,
    "min": 4.0,
    "max": 4.0,
    "median": 4.0,
    "count": 5,
    "ci_95": 0.0
  },
  "ram_gb": {
    "mean": 7.925,
    "std": 8.285378687784887,
    "min": 0.125,
    "max": 23.0,
    "median": 8.0,
    "count": 5,
    "ci_95": 7.262454626364285
  }
}