{
  "optimal_energy": {
    "mean": 0.07218932789451557,
    "std": 0.03366671626494791,
    "min": 0.044343192178710744,
    "max": 0.1319952172467841,
    "median": 0.04883940802151587,
    "count": 5,
    "ci_95": 0.029510177929867567
  },
  "num_evaluations": {
    "mean": 71.0,
    "std": 0.0,
    "min": 71.0,
    "max": 71.0,
    "median": 71.0,
    "count": 5,
    "ci_95": 0.0
  },
  "time": {
    "mean": 6.672600555419922,
    "std": 0.6928277941866404,
    "min": 5.6667914390563965,
    "max": 7.375053644180298,
    "median": 7.038397789001465,
    "count": 5,
    "ci_95": 0.607290337445004
  }
}