{
  "time_reps_1": {
    "mean": 0.004052066802978515,
    "std": 0.00010969727693449392,
    "min": 0.003896951675415039,
    "max": 0.0042057037353515625,
    "median": 0.004065036773681641,
    "count": 5,
    "ci_95": 9.615390272348207e-05
  },
  "num_cuts_reps_1": {
    "mean": 0.0,
    "std": 0.0,
    "min": 0.0,
    "max": 0.0,
    "median": 0.0,
    "count": 5,
    "ci_95": 0.0
  },
  "energy_exact_reps_1": {
    "mean": 3.564331203499937,
    "std": 0.6444632221202485,
    "min": 2.5319299538093287,
    "max": 4.555702894027479,
    "median": 3.6075595428293945,
    "count": 5,
    "ci_95": 0.5648969208744934
  },
  "energy_cut_reps_1": {
    "mean": 3.564331203499937,
    "std": 0.6444632221202485,
    "min": 2.5319299538093287,
    "max": 4.555702894027479,
    "median": 3.6075595428293945,
    "count": 5,
    "ci_95": 0.5648969208744934
  },
  "error_reps_1": {
    "mean": 0.0,
    "std": 0.0,
    "min": 0.0,
    "max": 0.0,
    "median": 0.0,
    "count": 5,
    "ci_95": 0.0
  },
  "time_reps_2": {
    "mean": 0.006700038909912109,
    "std": 4.306792579360253e-05,
    "min": 0.0066373348236083984,
    "max": 0.006766796112060547,
    "median": 0.006689548492431641,
    "count": 5,
    "ci_95": 3.7750701411969436e-05
  },
  "num_cuts_reps_2": {
    "mean": 0.0,
    "std": 0.0,
    "min": 0.0,
    "max": 0.0,
    "median": 0.0,
    "count": 5,
    "ci_95": 0.0
  },
  "energy_exact_reps_2": {
    "mean": 3.5927429198247323,
    "std": 1.1631740858269477,
    "min": 1.8601962436003783,
    "max": 5.118475136645597,
    "median": 3.594816123632458,
    "count": 5,
    "ci_95": 1.01956703962549
  },
  "energy_cut_reps_2": {
    "mean": 3.5927429198247323,
    "std": 1.1631740858269477,
    "min": 1.8601962436003783,
    "max": 5.118475136645597,
    "median": 3.594816123632458,
    "count": 5,
    "ci_95": 1.01956703962549
  },
  "error_reps_2": {
    "mean": 0.0,
    "std": 0.0,
    "min": 0.0,
    "max": 0.0,
    "median": 0.0,
    "count": 5,
    "ci_95": 0.0
  },
  "time_reps_3": {
    "mean": 0.009502363204956055,
    "std": 6.895144450259779e-05,
    "min": 0.009373664855957031,
    "max": 0.009569644927978516,
    "median": 0.009529829025268555,
    "count": 5,
    "ci_95": 6.043860588540822e-05
  },
  "num_cuts_reps_3": {
    "mean": 0.0,
    "std": 0.0,
    "min": 0.0,
    "max": 0.0,
    "median": 0.0,
    "count": 5,
    "ci_95": 0.0
  },
  "energy_exact_reps_3": {
    "mean": 3.529227387103151,
    "std": 0.9842020848180155,
    "min": 2.3284739845610103,
    "max": 5.27801780696756,
    "median": 3.409451871477801,
    "count": 5,
    "ci_95": 0.8626911639780377
  },
  "energy_cut_reps_3": {
    "mean": 3.529227387103151,
    "std": 0.9842020848180155,
    "min": 2.3284739845610103,
    "max": 5.27801780696756,
    "median": 3.409451871477801,
    "count": 5,
    "ci_95": 0.8626911639780377
  },
  "error_reps_3": {
    "mean": 0.0,
    "std": 0.0,
    "min": 0.0,
    "max": 0.0,
    "median": 0.0,
    "count": 5,
    "ci_95": 0.0
  },
  "time_reps_4": {
    "mean": 0.01248025894165039,
    "std": 0.00016623729230169027,
    "min": 0.012241363525390625,
    "max": 0.012721538543701172,
    "median": 0.012453317642211914,
    "count": 5,
    "ci_95": 0.0001457134113049761
  },
  "num_cuts_reps_4": {
    "mean": 0.0,
    "std": 0.0,
    "min": 0.0,
    "max": 0.0,
    "median": 0.0,
    "count": 5,
    "ci_95": 0.0
  },
  "energy_exact_reps_4": {
    "mean": 3.570762882161058,
    "std": 0.8964012186886015,
    "min": 2.721364044836444,
    "max": 5.183559006849588,
    "median": 3.0741408542319126,
    "count": 5,
    "ci_95": 0.7857303115597362
  },
  "energy_cut_reps_4": {
    "mean": 3.570762882161058,
    "std": 0.8964012186886015,
    "min": 2.721364044836444,
    "max": 5.183559006849588,
    "median": 3.0741408542319126,
    "count": 5,
    "ci_95": 0.7857303115597362
  },
  "error_reps_4": {
    "mean": 0.0,
    "std": 0.0,
    "min": 0.0,
    "max": 0.0,
    "median": 0.0,
    "count": 5,
    "ci_95": 0.0
  },
  "time_reps_5": {
    "mean": 0.015828371047973633,
    "std": 0.00011509282480389191,
    "min": 0.015653610229492188,
    "max": 0.0159609317779541,
    "median": 0.015804767608642578,
    "count": 5,
    "ci_95": 0.00010088330895371866
  },
  "num_cuts_reps_5": {
    "mean": 0.0,
    "std": 0.0,
    "min": 0.0,
    "max": 0.0,
    "median": 0.0,
    "count": 5,
    "ci_95": 0.0
  },
  "energy_exact_reps_5": {
    "mean": 3.5300795286981312,
    "std": 0.8570974759581128,
    "min": 2.4330480583162113,
    "max": 4.854996238597296,
    "median": 3.372448194077865,
    "count": 5,
    "ci_95": 0.751279062077646
  },
  "energy_cut_reps_5": {
    "mean": 3.5300795286981312,
    "std": 0.8570974759581128,
    "min": 2.4330480583162113,
    "max": 4.854996238597296,
    "median": 3.372448194077865,
    "count": 5,
    "ci_95": 0.751279062077646
  },
  "error_reps_5": {
    "mean": 0.0,
    "std": 0.0,
    "min": 0.0,
    "max": 0.0,
    "median": 0.0,
    "count": 5,
    "ci_95": 0.0
  }
}