{
  "max_fragment_size": {
    "mean": 4.0,
    "std": 0.0,
    "min": 4.0,
    "max": 4.0,
    "median": 4.0,
    "count": 5,
    "ci_95": 0.0
  },
  "cuts": {
    "mean": 18.0,
    "std": 2.9664793948382653,
    "min": 15.0,
    "max": 23.0,
    "median": 18.0,
    "count": 5,
    "ci_95": 2.600233835638633
  },
  "time": {
    "mean": 0.002821826934814453,
    "std": 0.0013333865468285865,
    "min": 0.0009789466857910156,
    "max": 0.003966808319091797,
    "median": 0.003865957260131836,
    "count": 5,
    "ci_95": 0.0011687648399250309
  },
  "fragments": {
    "mean": 6.0,
    "std": 0.0,
    "min": 6.0,
    "max": 6.0,
    "median": 6.0,
    "count": 5,
    "ci_95": 0.0
  },
  "ram_gb": {
    "mean": 17.0,
    "std": 7.3484692283495345,
    "min": 8.0,
    "max": 23.0,
    "median": 23.0,
    "count": 5,
    "ci_95": 6.441217276260753
  }
}