{
  "max_fragment_size": {
    "mean": 14.0,
    "std": 0.0,
    "min": 14.0,
    "max": 14.0,
    "median": 14.0,
    "count": 5,
    "ci_95": 0.0
  },
  "cuts": {
    "mean": 7.0,
    "std": 0.8944271909999159,
    "min": 6.0,
    "max": 8.0,
    "median": 7.0,
    "count": 5,
    "ci_95": 0.7839999999999999
  },
  "time": {
    "mean": 0.000588083267211914,
    "std": 4.407033132756692e-05,
    "min": 0.0005075931549072266,
    "max": 0.0006327629089355469,
    "median": 0.0005967617034912109,
    "count": 5,
    "ci_95": 3.8629348602636245e-05
  },
  "fragments": {
    "mean": 2.0,
    "std": 0.0,
    "min": 2.0,
    "max": 2.0,
    "median": 2.0,
    "count": 5,
    "ci_95": 0.0
  },
  "ram_gb": {
    "mean": 0.00023193359375,
    "std": 0.00021195990422589523,
    "min": 3.0517578125e-05,
    "max": 0.00048828125,
    "median": 0.0001220703125,
    "count": 5,
    "ci_95": 0.0001857910477065511
  }
}