{
  "max_fragment_size": {
    "mean": 12.0,
    "std": 0.0,
    "min": 12.0,
    "max": 12.0,
    "median": 12.0,
    "count": 5,
    "ci_95": 0.0
  },
  "cuts": {
    "mean": 7.4,
    "std": 0.8,
    "min": 6.0,
    "max": 8.0,
    "median": 8.0,
    "count": 5,
    "ci_95": 0.7012309177439341
  },
  "time": {
    "mean": 0.0006091117858886719,
    "std": 6.135773352614875e-05,
    "min": 0.0005071163177490234,
    "max": 0.0006830692291259766,
    "median": 0.0006289482116699219,
    "count": 5,
    "ci_95": 5.3782424739036295e-05
  },
  "fragments": {
    "mean": 2.0,
    "std": 0.0,
    "min": 2.0,
    "max": 2.0,
    "median": 2.0,
    "count": 5,
    "ci_95": 0.0
  },
  "ram_gb": {
    "mean": 0.000323486328125,
    "std": 0.00020389762070910724,
    "min": 3.0517578125e-05,
    "max": 0.00048828125,
    "median": 0.00048828125,
    "count": 5,
    "ci_95": 0.0001787241446195648
  }
}