{
  "optimal_energy": {
    "mean": 1.2386144543119481e-05,
    "std": 5.656032745047345e-06,
    "min": 6.364444231077293e-06,
    "max": 2.1857020403082128e-05,
    "median": 9.733328205974168e-06,
    "count": 5,
    "ci_95": 4.957731290749115e-06
  },
  "num_evaluations": {
    "mean": 265.8,
    "std": 33.62380109386802,
    "min": 247.0,
    "max": 333.0,
    "median": 249.0,
    "count": 5,
    "ci_95": 29.472561123865702
  },
  "time": {
    "mean": 26.077415800094606,
    "std": 5.2007098595274535,
    "min": 20.276341438293457,
    "max": 35.67117881774902,
    "median": 25.32995367050171,
    "count": 5,
    "ci_95": 4.558623184645453
  }
}