{
  "max_fragment_size": {
    "mean": 10.0,
    "std": 0.0,
    "min": 10.0,
    "max": 10.0,
    "median": 10.0,
    "count": 5,
    "ci_95": 0.0
  },
  "cuts": {
    "mean": 7.4,
    "std": 0.4898979485566356,
    "min": 7.0,
    "max": 8.0,
    "median": 7.0,
    "count": 5,
    "ci_95": 0.42941448508405017
  },
  "time": {
    "mean": 0.0006238937377929688,
    "std": 8.385576974228998e-05,
    "min": 0.0005245208740234375,
    "max": 0.0007672309875488281,
    "median": 0.0006120204925537109,
    "count": 5,
    "ci_95": 7.350282296813751e-05
  },
  "fragments": {
    "mean": 2.0,
    "std": 0.0,
    "min": 2.0,
    "max": 2.0,
    "median": 2.0,
    "count": 5,
    "ci_95": 0.0
  },
  "ram_gb": {
    "mean": 0.0002685546875,
    "std": 0.0001794059870202523,
    "min": 0.0001220703125,
    "max": 0.00048828125,
    "median": 0.0001220703125,
    "count": 5,
    "ci_95": 0.0001572562811587098
  }
}