{
  "max_fragment_size": {
    "mean": 18.0,
    "std": 0.0,
    "min": 18.0,
    "max": 18.0,
    "median": 18.0,
    "count": 5,
    "ci_95": 0.0
  },
  "cuts": {
    "mean": 0.0,
    "std": 0.0,
    "min": 0.0,
    "max": 0.0,
    "median": 0.0,
    "count": 5,
    "ci_95": 0.0
  },
  "time": {
    "mean": 3.1995773315429685e-05,
    "std": 3.5791385659780895e-06,
    "min": 2.7418136596679688e-05,
    "max": 3.743171691894531e-05,
    "median": 3.0994415283203125e-05,
    "count": 5,
    "ci_95": 3.1372532766919047e-06
  },
  "fragments": {
    "mean": 1.0,
    "std": 0.0,
    "min": 1.0,
    "max": 1.0,
    "median": 1.0,
    "count": 5,
    "ci_95": 0.0
  },
  "ram_gb": {
    "mean": 0.0,
    "std": 0.0,
    "min": 0.0,
    "max": 0.0,
    "median": 0.0,
    "count": 5,
    "ci_95": 0.0
  }
}