{
  "max_fragment_size": {
    "mean": 6.0,
    "std": 0.0,
    "min": 6.0,
    "max": 6.0,
    "median": 6.0,
    "count": 5,
    "ci_95": 0.0
  },
  "cuts": {
    "mean": 14.8,
    "std": 1.9390719429665315,
    "min": 12.0,
    "max": 18.0,
    "median": 15.0,
    "count": 5,
    "ci_95": 1.6996714976724177
  },
  "time": {
    "mean": 0.0017537593841552735,
    "std": 0.0012653873442586344,
    "min": 0.0008018016815185547,
    "max": 0.0041768550872802734,
    "median": 0.000982522964477539,
    "count": 5,
    "ci_95": 0.001109160910895052
  },
  "fragments": {
    "mean": 4.0,
    "std": 0.0,
    "min": 4.0,
    "max": 4.0,
    "median": 4.0,
    "count": 5,
    "ci_95": 0.0
  },
  "ram_gb": {
    "mean": 8.225,
    "std": 8.034457044505247,
    "min": 0.125,
    "max": 23.0,
    "median": 8.0,
    "count": 5,
    "ci_95": 7.042512108615788
  }
}