{
  "random_cuts": {
    "mean": 6.6,
    "std": 3.411744421846396,
    "min": 1.0,
    "max": 12.0,
    "median": 6.0,
    "count": 10,
    "ci_95": 2.114621100812152
  },
  "metis_cuts": {
    "mean": 0.0,
    "std": 0.0,
    "min": 0.0,
    "max": 0.0,
    "median": 0.0,
    "count": 10,
    "ci_95": 0.0
  },
  "kl_cuts": {
    "mean": 3.8,
    "std": 2.039607805437114,
    "min": 0.0,
    "max": 6.0,
    "median": 4.5,
    "count": 10,
    "ci_95": 1.2641620149332127
  },
  "random_time": {
    "mean": 0.0,
    "std": 0.0,
    "min": 0.0,
    "max": 0.0,
    "median": 0.0,
    "count": 10,
    "ci_95": 0.0
  },
  "metis_time": {
    "mean": 0.0,
    "std": 0.0,
    "min": 0.0,
    "max": 0.0,
    "median": 0.0,
    "count": 10,
    "ci_95": 0.0
  },
  "kl_time": {
    "mean": 0.0006082057952880859,
    "std": 0.0001103409323666421,
    "min": 0.00048732757568359375,
    "max": 0.0008535385131835938,
    "median": 0.0005775690078735352,
    "count": 10,
    "ci_95": 6.839001842333573e-05
  }
}