{
  "time_linear": {
    "mean": 3.0490980744361877,
    "std": 1.1035859775074408,
    "min": 1.3980295658111572,
    "max": 4.462971448898315,
    "median": 3.167695641517639,
    "count": 4,
    "ci_95": 1.081514257957292
  },
  "num_cuts_linear": {
    "mean": 1.0,
    "std": 0.0,
    "min": 1.0,
    "max": 1.0,
    "median": 1.0,
    "count": 4,
    "ci_95": 0.0
  },
  "energy_exact_linear": {
    "mean": 7.713443805846393,
    "std": 1.7478845739597777,
    "min": 5.284869966550265,
    "max": 9.764289334340244,
    "median": 7.902307961247532,
    "count": 4,
    "ci_95": 1.7129268824805821
  },
  "energy_cut_linear": {
    "mean": 7.713443805846385,
    "std": 1.7478845739597795,
    "min": 5.284869966550238,
    "max": 9.764289334340212,
    "median": 7.902307961247544,
    "count": 4,
    "ci_95": 1.712926882480584
  },
  "error_linear": {
    "mean": 2.1094237467877974e-14,
    "std": 9.152440514592608e-15,
    "min": 8.881784197001252e-15,
    "max": 3.197442310920451e-14,
    "median": 2.1760371282653068e-14,
    "count": 4,
    "ci_95": 8.969391704300755e-15
  },
  "time_circular": {
    "mean": 191.27892303466797,
    "std": 73.5345557093605,
    "min": 80.28905272483826,
    "max": 284.0758819580078,
    "median": 200.3753787279129,
    "count": 4,
    "ci_95": 72.06386459517329
  },
  "num_cuts_circular": {
    "mean": 2.0,
    "std": 0.0,
    "min": 2.0,
    "max": 2.0,
    "median": 2.0,
    "count": 4,
    "ci_95": 0.0
  },
  "energy_exact_circular": {
    "mean": 7.106372063374694,
    "std": 1.2581749111663478,
    "min": 5.283935092883944,
    "max": 8.839378684785128,
    "median": 7.151087237914853,
    "count": 4,
    "ci_95": 1.2330114129430207
  },
  "energy_cut_circular": {
    "mean": 7.1063720633749075,
    "std": 1.258174911166376,
    "min": 5.283935092884097,
    "max": 8.83937868478536,
    "median": 7.151087237915085,
    "count": 4,
    "ci_95": 1.2330114129430485
  },
  "error_circular": {
    "mean": 2.1316282072803006e-13,
    "std": 3.817617741990179e-14,
    "min": 1.5365486660812167e-13,
    "max": 2.566835632933362e-13,
    "median": 2.2115642650533118e-13,
    "count": 4,
    "ci_95": 3.741265387150375e-14
  },
  "time_sca": {
    "mean": 194.31371227900186,
    "std": 32.15726883637615,
    "min": 148.84935903549194,
    "max": 217.98362374305725,
    "median": 216.10815405845642,
    "count": 3,
    "ci_95": 36.38937532540647
  },
  "num_cuts_sca": {
    "mean": 2.0,
    "std": 0.0,
    "min": 2.0,
    "max": 2.0,
    "median": 2.0,
    "count": 3,
    "ci_95": 0.0
  },
  "energy_exact_sca": {
    "mean": 7.425337312519609,
    "std": 1.850843075094193,
    "min": 5.283935092883944,
    "max": 9.799582642239773,
    "median": 7.19249420243511,
    "count": 3,
    "ci_95": 2.094426105361439
  },
  "energy_cut_sca": {
    "mean": 7.425337312519844,
    "std": 1.8508430750942662,
    "min": 5.283935092884102,
    "max": 9.799582642240107,
    "median": 7.192494202435321,
    "count": 3,
    "ci_95": 2.0944261053615216
  },
  "error_sca": {
    "mean": 2.341830433275997e-13,
    "std": 7.372178125985567e-14,
    "min": 1.580957587066223e-13,
    "max": 3.339550858072471e-13,
    "median": 2.1049828546892968e-13,
    "count": 3,
    "ci_95": 8.342404890081211e-14
  },
  "time_pairwise": {
    "mean": 3.1366511821746825,
    "std": 0.9999965913391133,
    "min": 1.3958179950714111,
    "max": 4.460892915725708,
    "median": 3.4301748275756836,
    "count": 5,
    "ci_95": 0.8765356593569152
  },
  "num_cuts_pairwise": {
    "mean": 1.0,
    "std": 0.0,
    "min": 1.0,
    "max": 1.0,
    "median": 1.0,
    "count": 5,
    "ci_95": 0.0
  },
  "energy_exact_pairwise": {
    "mean": 7.618973590775927,
    "std": 1.5747313654243023,
    "min": 5.284869966550266,
    "max": 9.76428933434025,
    "median": 7.241092730494062,
    "count": 5,
    "ci_95": 1.3803129007208024
  },
  "energy_cut_pairwise": {
    "mean": 7.61897359077592,
    "std": 1.5747313654242965,
    "min": 5.284869966550239,
    "max": 9.764289334340198,
    "median": 7.241092730494086,
    "count": 5,
    "ci_95": 1.380312900720797
  },
  "error_pairwise": {
    "mean": 2.4158453015843406e-14,
    "std": 1.558139378203435e-14,
    "min": 6.217248937900877e-15,
    "max": 5.1514348342607263e-14,
    "median": 2.398081733190338e-14,
    "count": 5,
    "ci_95": 1.3657693826881966e-14
  },
  "skipped_linear": {
    "mean": 3.0,
    "std": 0.0,
    "min": 3.0,
    "max": 3.0,
    "median": 3.0,
    "count": 1,
    "ci_95": 0.0
  },
  "skipped_sca": {
    "mean": 4.0,
    "std": 0.0,
    "min": 4.0,
    "max": 4.0,
    "median": 4.0,
    "count": 2,
    "ci_95": 0.0
  },
  "skipped_circular": {
    "mean": 4.0,
    "std": 0.0,
    "min": 4.0,
    "max": 4.0,
    "median": 4.0,
    "count": 1,
    "ci_95": 0.0
  }
}