{
  "optimal_energy": {
    "mean": 1.4606931886618213e-05,
    "std": 4.973448746227299e-06,
    "min": 8.311238645364316e-06,
    "max": 2.172632816321851e-05,
    "median": 1.5543988110267026e-05,
    "count": 5,
    "ci_95": 4.359420035836733e-06
  },
  "num_evaluations": {
    "mean": 328.0,
    "std": 0.0,
    "min": 328.0,
    "max": 328.0,
    "median": 328.0,
    "count": 5,
    "ci_95": 0.0
  },
  "time": {
    "mean": 30.789181518554688,
    "std": 3.0051318635452087,
    "min": 26.575322151184082,
    "max": 33.79418921470642,
    "median": 32.45084261894226,
    "count": 5,
    "ci_95": 2.6341142182691817
  }
}