{
  "random_cuts": {
    "mean": 14.2,
    "std": 3.4,
    "min": 10.0,
    "max": 20.0,
    "median": 13.5,
    "count": 10,
    "ci_95": 2.107341832736208
  },
  "metis_cuts": {
    "mean": 0.0,
    "std": 0.0,
    "min": 0.0,
    "max": 0.0,
    "median": 0.0,
    "count": 10,
    "ci_95": 0.0
  },
  "kl_cuts": {
    "mean": 7.2,
    "std": 2.3579652245103193,
    "min": 4.0,
    "max": 11.0,
    "median": 8.0,
    "count": 10,
    "ci_95": 1.4614819875728882
  },
  "random_time": {
    "mean": 0.0,
    "std": 0.0,
    "min": 0.0,
    "max": 0.0,
    "median": 0.0,
    "count": 10,
    "ci_95": 0.0
  },
  "metis_time": {
    "mean": 0.0,
    "std": 0.0,
    "min": 0.0,
    "max": 0.0,
    "median": 0.0,
    "count": 10,
    "ci_95": 0.0
  },
  "kl_time": {
    "mean": 0.0006705760955810547,
    "std": 0.00010052000997533931,
    "min": 0.0005669593811035156,
    "max": 0.0009312629699707031,
    "median": 0.0006450414657592773,
    "count": 10,
    "ci_95": 6.230294766120395e-05
  }
}