{
  "optimal_energy": {
    "mean": 0.05835752445080637,
    "std": 0.026710391334742085,
    "min": 0.03775611041865545,
    "max": 0.10610876538534736,
    "median": 0.04026418234374601,
    "count": 5,
    "ci_95": 0.023412690286201018
  },
  "num_evaluations": {
    "mean": 42.0,
    "std": 0.0,
    "min": 42.0,
    "max": 42.0,
    "median": 42.0,
    "count": 5,
    "ci_95": 0.0
  },
  "time": {
    "mean": 3.9921358585357667,
    "std": 0.39817293755169686,
    "min": 3.4227116107940674,
    "max": 4.415120840072632,
    "median": 4.183288812637329,
    "count": 5,
    "ci_95": 0.3490139680252181
  }
}