{
    "distances": [
        0.5,
        0.7,
        0.9,
        1.1,
        1.3,
        1.5,
        1.7000000000000002,
        1.9000000000000001,
        2.1,
        2.3,
        2.5
    ],
    "exact_energies": [
        -1.0551597944706244,
        -1.1361894540659212,
        -1.120560281299986,
        -1.0791929449690758,
        -1.035186266434255,
        -0.9981493534714101,
        -0.9714266884583409,
        -0.9543388539987276,
        -0.9443746811197433,
        -0.9389223859872753,
        -0.9360549199556092
    ],
    "dynacut_energies": [
        -1.0551597863581,
        -1.1361894511821915,
        -1.1205602804243058,
        -1.0791885066663256,
        -1.0351862617959475,
        -0.998149228984563,
        -0.9714227814525689,
        -0.950320639201355,
        -0.944373145919565,
        -0.9346934364387622,
        -0.9340121703104365
    ]
}