{
  "num_qubits": {
    "mean": 10.0,
    "std": 0.0,
    "min": 10.0,
    "max": 10.0,
    "median": 10.0,
    "count": 10,
    "ci_95": 0.0
  },
  "exact_energy": {
    "mean": -12.381489999654743,
    "std": 0.0,
    "min": -12.381489999654743,
    "max": -12.381489999654743,
    "median": -12.381489999654743,
    "count": 10,
    "ci_95": 0.0
  },
  "e_cut": {
    "mean": -0.7752355187715766,
    "std": 1.4124255877947638,
    "min": -2.900413273476573,
    "max": 1.253419244087127,
    "median": -0.7500222907167462,
    "count": 10,
    "ci_95": 0.8754304490549804
  },
  "error": {
    "mean": 11.606254480883168,
    "std": 1.412425587794764,
    "min": 9.48107672617817,
    "max": 13.63490924374187,
    "median": 11.631467708937997,
    "count": 10,
    "ci_95": 0.8754304490549805
  },
  "cuts": {
    "mean": 1.0,
    "std": 0.0,
    "min": 1.0,
    "max": 1.0,
    "median": 1.0,
    "count": 10,
    "ci_95": 0.0
  },
  "time": {
    "mean": 1.5096009969711304,
    "std": 0.04229064644587368,
    "min": 1.4479429721832275,
    "max": 1.5681860446929932,
    "median": 1.5112367868423462,
    "count": 10,
    "ci_95": 0.026212014232013657
  }
}