{
  "num_qubits": {
    "mean": 14.0,
    "std": 0.0,
    "min": 14.0,
    "max": 14.0,
    "median": 14.0,
    "count": 10,
    "ci_95": 0.0
  },
  "exact_energy": {
    "mean": 3.799999999999996,
    "std": 0.9797958971132701,
    "min": 2.99999999999999,
    "max": 5.999999999999994,
    "median": 3.499999999999999,
    "count": 10,
    "ci_95": 0.6072837886853222
  },
  "e_cut": {
    "mean": 21.65567032200412,
    "std": 2.581193510120034,
    "min": 18.536443420219562,
    "max": 28.65178248248407,
    "median": 20.885104262003225,
    "count": 10,
    "ci_95": 1.5998403124303406
  },
  "error": {
    "mean": 17.855670322004123,
    "std": 1.7577025836068376,
    "min": 15.536443420219566,
    "max": 22.651782482484077,
    "median": 17.704808902287056,
    "count": 10,
    "ci_95": 1.0894353482185883
  },
  "cuts": {
    "mean": 1.8,
    "std": 0.9797958971132712,
    "min": 1.0,
    "max": 3.0,
    "median": 1.0,
    "count": 10,
    "ci_95": 0.6072837886853228
  },
  "time": {
    "mean": 5852.503153276443,
    "std": 7189.778691192578,
    "min": 2.3780267238616943,
    "max": 16175.488328933716,
    "median": 7.926918387413025,
    "count": 10,
    "ci_95": 4456.271001195735
  }
}