{
  "num_qubits": {
    "mean": 10.0,
    "std": 0.0,
    "min": 10.0,
    "max": 10.0,
    "median": 10.0,
    "count": 10,
    "ci_95": 0.0
  },
  "exact_energy": {
    "mean": 0.0,
    "std": 0.0,
    "min": 0.0,
    "max": 0.0,
    "median": 0.0,
    "count": 10,
    "ci_95": 0.0
  },
  "e_cut": {
    "mean": 10.831384340748818,
    "std": 1.9603670998001295,
    "min": 7.26523075645057,
    "max": 15.298665151826992,
    "median": 10.655621273841913,
    "count": 10,
    "ci_95": 1.2150481167436968
  },
  "error": {
    "mean": 10.831384340748818,
    "std": 1.9603670998001295,
    "min": 7.26523075645057,
    "max": 15.298665151826992,
    "median": 10.655621273841913,
    "count": 10,
    "ci_95": 1.2150481167436968
  },
  "cuts": {
    "mean": 1.4,
    "std": 0.8,
    "min": 1.0,
    "max": 3.0,
    "median": 1.0,
    "count": 10,
    "ci_95": 0.4958451371144018
  },
  "time": {
    "mean": 876.6467777252197,
    "std": 1750.090785194775,
    "min": 1.338040828704834,
    "max": 4483.452402830124,
    "median": 1.8791056871414185,
    "count": 10,
    "ci_95": 1084.717506684443
  }
}