{
  "num_qubits": {
    "mean": 14.0,
    "std": 0.0,
    "min": 14.0,
    "max": 14.0,
    "median": 14.0,
    "count": 10,
    "ci_95": 0.0
  },
  "exact_energy": {
    "mean": -17.47100405473177,
    "std": 2.5937243106631028e-14,
    "min": -17.471004054731825,
    "max": -17.47100405473173,
    "median": -17.471004054731775,
    "count": 10,
    "ci_95": 1.6076069830721295e-14
  },
  "e_cut": {
    "mean": -0.07537767067546515,
    "std": 1.5311203198819219,
    "min": -2.801944387713,
    "max": 2.9576569212144825,
    "median": -0.24328984580969068,
    "count": 10,
    "ci_95": 0.9489982061881229
  },
  "error": {
    "mean": 17.39562638405631,
    "std": 1.5311203198819296,
    "min": 14.669059667018747,
    "max": 20.42866097594628,
    "median": 17.227714208922087,
    "count": 10,
    "ci_95": 0.9489982061881278
  },
  "cuts": {
    "mean": 1.0,
    "std": 0.0,
    "min": 1.0,
    "max": 1.0,
    "median": 1.0,
    "count": 10,
    "ci_95": 0.0
  },
  "time": {
    "mean": 4.994830250740051,
    "std": 0.08859726619781044,
    "min": 4.8927741050720215,
    "max": 5.226287603378296,
    "median": 4.958499550819397,
    "count": 10,
    "ci_95": 0.0549131545072681
  }
}