{
  "num_qubits": {
    "mean": 4.0,
    "std": 0.0,
    "min": 4.0,
    "max": 4.0,
    "median": 4.0,
    "count": 10,
    "ci_95": 0.0
  },
  "exact_energy": {
    "mean": -1.1296495376098252,
    "std": 2.220446049250313e-16,
    "min": -1.129649537609825,
    "max": -1.129649537609825,
    "median": -1.129649537609825,
    "count": 10,
    "ci_95": 1.3762467196820668e-16
  },
  "e_cut": {
    "mean": -0.058879897245973624,
    "std": 0.29390076894527256,
    "min": -0.6845918203895777,
    "max": 0.2927537810886918,
    "median": 0.030459455514313248,
    "count": 10,
    "ci_95": 0.182161583844621
  },
  "error": {
    "mean": 1.0707696403638516,
    "std": 0.29390076894527256,
    "min": 0.44505771722024734,
    "max": 1.4224033186985168,
    "median": 1.1601089931241382,
    "count": 10,
    "ci_95": 0.182161583844621
  },
  "cuts": {
    "mean": 1.0,
    "std": 0.0,
    "min": 1.0,
    "max": 1.0,
    "median": 1.0,
    "count": 10,
    "ci_95": 0.0
  },
  "time": {
    "mean": 1.326943278312683,
    "std": 0.19834681437832458,
    "min": 1.0683348178863525,
    "max": 1.7439703941345215,
    "median": 1.2688965797424316,
    "count": 10,
    "ci_95": 0.12293662921453145
  }
}