{
  "num_qubits": {
    "mean": 4.0,
    "std": 0.0,
    "min": 4.0,
    "max": 4.0,
    "median": 4.0,
    "count": 10,
    "ci_95": 0.0
  },
  "exact_energy": {
    "mean": -1.1296495376098252,
    "std": 2.220446049250313e-16,
    "min": -1.129649537609825,
    "max": -1.129649537609825,
    "median": -1.129649537609825,
    "count": 10,
    "ci_95": 1.3762467196820668e-16
  },
  "e_cut": {
    "mean": -0.040265122151012356,
    "std": 0.1493178345303382,
    "min": -0.34988096411905933,
    "max": 0.16652620018889291,
    "median": -0.053895445451228055,
    "count": 10,
    "ci_95": 0.0925481526704014
  },
  "error": {
    "mean": 1.0893844154588128,
    "std": 0.14931783453033823,
    "min": 0.7797685734907657,
    "max": 1.296175737798718,
    "median": 1.075754092158597,
    "count": 10,
    "ci_95": 0.09254815267040141
  },
  "cuts": {
    "mean": 1.0,
    "std": 0.0,
    "min": 1.0,
    "max": 1.0,
    "median": 1.0,
    "count": 10,
    "ci_95": 0.0
  },
  "time": {
    "mean": 1.1437822341918946,
    "std": 0.11858277153264414,
    "min": 0.9601373672485352,
    "max": 1.3947572708129883,
    "median": 1.1080107688903809,
    "count": 10,
    "ci_95": 0.07349836326251215
  }
}