{
  "num_qubits": {
    "mean": 10.0,
    "std": 0.0,
    "min": 10.0,
    "max": 10.0,
    "median": 10.0,
    "count": 10,
    "ci_95": 0.0
  },
  "exact_energy": {
    "mean": 0.0,
    "std": 0.0,
    "min": 0.0,
    "max": 0.0,
    "median": 0.0,
    "count": 10,
    "ci_95": 0.0
  },
  "e_cut": {
    "mean": 10.281886247150045,
    "std": 2.3263881222865246,
    "min": 6.968191411577567,
    "max": 14.98627942409699,
    "median": 10.818951414665047,
    "count": 10,
    "ci_95": 1.441910296845597
  },
  "error": {
    "mean": 10.281886247150045,
    "std": 2.3263881222865246,
    "min": 6.968191411577567,
    "max": 14.98627942409699,
    "median": 10.818951414665047,
    "count": 10,
    "ci_95": 1.441910296845597
  },
  "cuts": {
    "mean": 0.0,
    "std": 0.0,
    "min": 0.0,
    "max": 0.0,
    "median": 0.0,
    "count": 10,
    "ci_95": 0.0
  },
  "time": {
    "mean": 191.61814017295836,
    "std": 17.977437796115108,
    "min": 142.95025253295898,
    "max": 207.01691317558289,
    "median": 196.4549058675766,
    "count": 10,
    "ci_95": 11.142531386225409
  }
}