{
  "num_qubits": {
    "mean": 8.0,
    "std": 0.0,
    "min": 8.0,
    "max": 8.0,
    "median": 8.0,
    "count": 10,
    "ci_95": 0.0
  },
  "exact_energy": {
    "mean": -13.49973039475157,
    "std": 0.0,
    "min": -13.49973039475157,
    "max": -13.49973039475157,
    "median": -13.49973039475157,
    "count": 10,
    "ci_95": 0.0
  },
  "e_cut": {
    "mean": -0.4243592484157803,
    "std": 1.3135309399435826,
    "min": -2.1333526769098174,
    "max": 2.0704547281914256,
    "median": -0.6227714674004701,
    "count": 10,
    "ci_95": 0.8141349112754186
  },
  "error": {
    "mean": 13.075371146335788,
    "std": 1.3135309399435828,
    "min": 11.366377717841752,
    "max": 15.570185122942995,
    "median": 12.8769589273511,
    "count": 10,
    "ci_95": 0.8141349112754187
  },
  "cuts": {
    "mean": 1.0,
    "std": 0.0,
    "min": 1.0,
    "max": 1.0,
    "median": 1.0,
    "count": 10,
    "ci_95": 0.0
  },
  "time": {
    "mean": 1.5562277555465698,
    "std": 0.2630215184467566,
    "min": 1.2979025840759277,
    "max": 2.1592960357666016,
    "median": 1.450247883796692,
    "count": 10,
    "ci_95": 0.16302242609783774
  }
}