{
  "num_qubits": {
    "mean": 10.0,
    "std": 0.0,
    "min": 10.0,
    "max": 10.0,
    "median": 10.0,
    "count": 10,
    "ci_95": 0.0
  },
  "noise_rate": {
    "mean": 0.0001,
    "std": 0.0,
    "min": 0.0001,
    "max": 0.0001,
    "median": 0.0001,
    "count": 10,
    "ci_95": 0.0
  },
  "exact_energy": {
    "mean": 0.0,
    "std": 0.0,
    "min": 0.0,
    "max": 0.0,
    "median": 0.0,
    "count": 10,
    "ci_95": 0.0
  },
  "e_noisy_uncut": {
    "mean": 10.83286,
    "std": 1.9767225962182957,
    "min": 7.2433,
    "max": 15.3691,
    "median": 10.6808,
    "count": 10,
    "ci_95": 1.2251853584487467
  },
  "e_noisy_cut": {
    "mean": 10.832327506999993,
    "std": 1.9593991615932675,
    "min": 7.2665086149999984,
    "max": 15.195195279999993,
    "median": 10.62052064999999,
    "count": 10,
    "ci_95": 1.2144481824275721
  },
  "error_uncut": {
    "mean": 10.83286,
    "std": 1.9767225962182957,
    "min": 7.2433,
    "max": 15.3691,
    "median": 10.6808,
    "count": 10,
    "ci_95": 1.2251853584487467
  },
  "error_cut": {
    "mean": 10.832327506999993,
    "std": 1.9593991615932675,
    "min": 7.2665086149999984,
    "max": 15.195195279999993,
    "median": 10.62052064999999,
    "count": 10,
    "ci_95": 1.2144481824275721
  },
  "cuts": {
    "mean": 1.0,
    "std": 0.0,
    "min": 1.0,
    "max": 1.0,
    "median": 1.0,
    "count": 10,
    "ci_95": 0.0
  }
}