{
  "num_qubits": {
    "mean": 10.0,
    "std": 0.0,
    "min": 10.0,
    "max": 10.0,
    "median": 10.0,
    "count": 10,
    "ci_95": 0.0
  },
  "noise_rate": {
    "mean": 0.0,
    "std": 0.0,
    "min": 0.0,
    "max": 0.0,
    "median": 0.0,
    "count": 10,
    "ci_95": 0.0
  },
  "exact_energy": {
    "mean": 0.0,
    "std": 0.0,
    "min": 0.0,
    "max": 0.0,
    "median": 0.0,
    "count": 10,
    "ci_95": 0.0
  },
  "e_noisy_uncut": {
    "mean": 10.827100000000002,
    "std": 1.9641559164180424,
    "min": 7.245,
    "max": 15.2926,
    "median": 10.660499999999999,
    "count": 10,
    "ci_95": 1.21739644961296
  },
  "e_noisy_cut": {
    "mean": 10.874857156999997,
    "std": 1.984272627295675,
    "min": 7.253982124999999,
    "max": 15.366987025,
    "median": 10.736843729999997,
    "count": 10,
    "ci_95": 1.2298649161922228
  },
  "error_uncut": {
    "mean": 10.827100000000002,
    "std": 1.9641559164180424,
    "min": 7.245,
    "max": 15.2926,
    "median": 10.660499999999999,
    "count": 10,
    "ci_95": 1.21739644961296
  },
  "error_cut": {
    "mean": 10.874857156999997,
    "std": 1.984272627295675,
    "min": 7.253982124999999,
    "max": 15.366987025,
    "median": 10.736843729999997,
    "count": 10,
    "ci_95": 1.2298649161922228
  },
  "cuts": {
    "mean": 1.0,
    "std": 0.0,
    "min": 1.0,
    "max": 1.0,
    "median": 1.0,
    "count": 10,
    "ci_95": 0.0
  }
}