{
  "num_qubits": {
    "mean": 10.0,
    "std": 0.0,
    "min": 10.0,
    "max": 10.0,
    "median": 10.0,
    "count": 10,
    "ci_95": 0.0
  },
  "noise_rate": {
    "mean": 0.009999999999999998,
    "std": 1.734723475976807e-18,
    "min": 0.01,
    "max": 0.01,
    "median": 0.01,
    "count": 10,
    "ci_95": 1.0751927497516147e-18
  },
  "exact_energy": {
    "mean": 0.0,
    "std": 0.0,
    "min": 0.0,
    "max": 0.0,
    "median": 0.0,
    "count": 10,
    "ci_95": 0.0
  },
  "e_noisy_uncut": {
    "mean": 10.8439,
    "std": 1.925112064270545,
    "min": 7.4728,
    "max": 15.3247,
    "median": 10.6475,
    "count": 10,
    "ci_95": 1.193196819336022
  },
  "e_noisy_cut": {
    "mean": 10.847910348499997,
    "std": 1.9416234573162783,
    "min": 7.592108379999991,
    "max": 15.489865339999993,
    "median": 10.611670809999994,
    "count": 10,
    "ci_95": 1.2034306867719111
  },
  "error_uncut": {
    "mean": 10.8439,
    "std": 1.925112064270545,
    "min": 7.4728,
    "max": 15.3247,
    "median": 10.6475,
    "count": 10,
    "ci_95": 1.193196819336022
  },
  "error_cut": {
    "mean": 10.847910348499997,
    "std": 1.9416234573162783,
    "min": 7.592108379999991,
    "max": 15.489865339999993,
    "median": 10.611670809999994,
    "count": 10,
    "ci_95": 1.2034306867719111
  },
  "cuts": {
    "mean": 1.0,
    "std": 0.0,
    "min": 1.0,
    "max": 1.0,
    "median": 1.0,
    "count": 10,
    "ci_95": 0.0
  }
}