{
  "num_qubits": {
    "mean": 10.0,
    "std": 0.0,
    "min": 10.0,
    "max": 10.0,
    "median": 10.0,
    "count": 10,
    "ci_95": 0.0
  },
  "noise_rate": {
    "mean": 0.05,
    "std": 0.0,
    "min": 0.05,
    "max": 0.05,
    "median": 0.05,
    "count": 10,
    "ci_95": 0.0
  },
  "exact_energy": {
    "mean": 0.0,
    "std": 0.0,
    "min": 0.0,
    "max": 0.0,
    "median": 0.0,
    "count": 10,
    "ci_95": 0.0
  },
  "e_noisy_uncut": {
    "mean": 10.87642,
    "std": 1.8146612707610204,
    "min": 8.1022,
    "max": 15.2719,
    "median": 10.643650000000001,
    "count": 10,
    "ci_95": 1.124738708270866
  },
  "e_noisy_cut": {
    "mean": 10.8882430215,
    "std": 1.8037393831990365,
    "min": 8.059244584999997,
    "max": 15.279699164999993,
    "median": 10.66311094,
    "count": 10,
    "ci_95": 1.1179692522262161
  },
  "error_uncut": {
    "mean": 10.87642,
    "std": 1.8146612707610204,
    "min": 8.1022,
    "max": 15.2719,
    "median": 10.643650000000001,
    "count": 10,
    "ci_95": 1.124738708270866
  },
  "error_cut": {
    "mean": 10.8882430215,
    "std": 1.8037393831990365,
    "min": 8.059244584999997,
    "max": 15.279699164999993,
    "median": 10.66311094,
    "count": 10,
    "ci_95": 1.1179692522262161
  },
  "cuts": {
    "mean": 1.0,
    "std": 0.0,
    "min": 1.0,
    "max": 1.0,
    "median": 1.0,
    "count": 10,
    "ci_95": 0.0
  }
}