{
  "num_qubits": {
    "mean": 14.0,
    "std": 0.0,
    "min": 14.0,
    "max": 14.0,
    "median": 14.0,
    "count": 10,
    "ci_95": 0.0
  },
  "noise_rate": {
    "mean": 0.0001,
    "std": 0.0,
    "min": 0.0001,
    "max": 0.0001,
    "median": 0.0001,
    "count": 10,
    "ci_95": 0.0
  },
  "exact_energy": {
    "mean": 3.7999999999999936,
    "std": 0.9797958971132682,
    "min": 2.9999999999999862,
    "max": 5.999999999999984,
    "median": 3.4999999999999956,
    "count": 10,
    "ci_95": 0.607283788685321
  },
  "e_noisy_uncut": {
    "mean": 21.65907,
    "std": 2.560402330904266,
    "min": 18.5647,
    "max": 28.5919,
    "median": 20.91105,
    "count": 10,
    "ci_95": 1.5869538060440749
  },
  "e_noisy_cut": {
    "mean": 21.485128947875538,
    "std": 2.519621360090756,
    "min": 18.402683974999974,
    "max": 28.29579724,
    "median": 20.748646484999977,
    "count": 10,
    "ci_95": 1.561677498463221
  },
  "error_uncut": {
    "mean": 17.859070000000003,
    "std": 1.7379562986738224,
    "min": 15.564700000000002,
    "max": 22.591900000000017,
    "median": 17.719050000000003,
    "count": 10,
    "ci_95": 1.0771964740184499
  },
  "error_cut": {
    "mean": 17.685128947875548,
    "std": 1.676474609061075,
    "min": 15.402683974999977,
    "max": 22.295797240000013,
    "median": 17.475615639999987,
    "count": 10,
    "ci_95": 1.0390897279983775
  },
  "cuts": {
    "mean": 1.2,
    "std": 0.6000000000000001,
    "min": 1.0,
    "max": 3.0,
    "median": 1.0,
    "count": 10,
    "ci_95": 0.37188385283580144
  }
}