{
  "num_qubits": {
    "mean": 14.0,
    "std": 0.0,
    "min": 14.0,
    "max": 14.0,
    "median": 14.0,
    "count": 10,
    "ci_95": 0.0
  },
  "noise_rate": {
    "mean": 0.0,
    "std": 0.0,
    "min": 0.0,
    "max": 0.0,
    "median": 0.0,
    "count": 10,
    "ci_95": 0.0
  },
  "exact_energy": {
    "mean": 3.7999999999999785,
    "std": 0.9797958971132521,
    "min": 2.9999999999999685,
    "max": 5.99999999999993,
    "median": 3.4999999999999725,
    "count": 10,
    "ci_95": 0.6072837886853111
  },
  "e_noisy_uncut": {
    "mean": 21.64571,
    "std": 2.5651648658322137,
    "min": 18.5977,
    "max": 28.6118,
    "median": 20.91085,
    "count": 10,
    "ci_95": 1.5899056557745253
  },
  "e_noisy_cut": {
    "mean": 21.707315713875623,
    "std": 2.5165763157330505,
    "min": 18.701975364999985,
    "max": 28.49797375999997,
    "median": 20.983754349999984,
    "count": 10,
    "ci_95": 1.5597901604168882
  },
  "error_uncut": {
    "mean": 17.845710000000018,
    "std": 1.74394575285473,
    "min": 15.597700000000003,
    "max": 22.61180000000007,
    "median": 17.697150000000036,
    "count": 10,
    "ci_95": 1.0809087761804155
  },
  "error_cut": {
    "mean": 17.907315713875644,
    "std": 1.674147664741176,
    "min": 15.701975364999988,
    "max": 22.49797376000004,
    "median": 17.641348694999998,
    "count": 10,
    "ci_95": 1.03764747296668
  },
  "cuts": {
    "mean": 1.2,
    "std": 0.6000000000000001,
    "min": 1.0,
    "max": 3.0,
    "median": 1.0,
    "count": 10,
    "ci_95": 0.37188385283580144
  }
}