{
  "num_qubits": {
    "mean": 10.0,
    "std": 0.0,
    "min": 10.0,
    "max": 10.0,
    "median": 10.0,
    "count": 10,
    "ci_95": 0.0
  },
  "noise_rate": {
    "mean": 0.0010000000000000002,
    "std": 2.168404344971009e-19,
    "min": 0.001,
    "max": 0.001,
    "median": 0.001,
    "count": 10,
    "ci_95": 1.3439909371895184e-19
  },
  "exact_energy": {
    "mean": 0.0,
    "std": 0.0,
    "min": 0.0,
    "max": 0.0,
    "median": 0.0,
    "count": 10,
    "ci_95": 0.0
  },
  "e_noisy_uncut": {
    "mean": 10.83792,
    "std": 1.9610829481692,
    "min": 7.275399999999999,
    "max": 15.2995,
    "median": 10.6693,
    "count": 10,
    "ci_95": 1.2154918041595906
  },
  "e_noisy_cut": {
    "mean": 10.815293173406593,
    "std": 1.9574096980577207,
    "min": 7.214346614999987,
    "max": 15.151137309999989,
    "median": 10.728044702499997,
    "count": 10,
    "ci_95": 1.213215100153113
  },
  "error_uncut": {
    "mean": 10.83792,
    "std": 1.9610829481692,
    "min": 7.275399999999999,
    "max": 15.2995,
    "median": 10.6693,
    "count": 10,
    "ci_95": 1.2154918041595906
  },
  "error_cut": {
    "mean": 10.815293173406593,
    "std": 1.9574096980577207,
    "min": 7.214346614999987,
    "max": 15.151137309999989,
    "median": 10.728044702499997,
    "count": 10,
    "ci_95": 1.213215100153113
  },
  "cuts": {
    "mean": 1.2,
    "std": 0.6000000000000001,
    "min": 1.0,
    "max": 3.0,
    "median": 1.0,
    "count": 10,
    "ci_95": 0.37188385283580144
  }
}