{
  "num_qubits": {
    "mean": 10.0,
    "std": 0.0,
    "min": 10.0,
    "max": 10.0,
    "median": 10.0,
    "count": 10,
    "ci_95": 0.0
  },
  "noise_rate": {
    "mean": 0.1,
    "std": 0.0,
    "min": 0.1,
    "max": 0.1,
    "median": 0.1,
    "count": 10,
    "ci_95": 0.0
  },
  "exact_energy": {
    "mean": 0.0,
    "std": 0.0,
    "min": 0.0,
    "max": 0.0,
    "median": 0.0,
    "count": 10,
    "ci_95": 0.0
  },
  "e_noisy_uncut": {
    "mean": 10.89115,
    "std": 1.7087250031821974,
    "min": 8.6205,
    "max": 15.1775,
    "median": 10.67595,
    "count": 10,
    "ci_95": 1.0590787293671042
  },
  "e_noisy_cut": {
    "mean": 10.909723768875349,
    "std": 1.7750073880664285,
    "min": 8.406660054999998,
    "max": 15.258234475000004,
    "median": 10.683836814999996,
    "count": 10,
    "ci_95": 1.1001609771435932
  },
  "error_uncut": {
    "mean": 10.89115,
    "std": 1.7087250031821974,
    "min": 8.6205,
    "max": 15.1775,
    "median": 10.67595,
    "count": 10,
    "ci_95": 1.0590787293671042
  },
  "error_cut": {
    "mean": 10.909723768875349,
    "std": 1.7750073880664285,
    "min": 8.406660054999998,
    "max": 15.258234475000004,
    "median": 10.683836814999996,
    "count": 10,
    "ci_95": 1.1001609771435932
  },
  "cuts": {
    "mean": 1.2,
    "std": 0.6000000000000001,
    "min": 1.0,
    "max": 3.0,
    "median": 1.0,
    "count": 10,
    "ci_95": 0.37188385283580144
  }
}