{
  "energy_exact": {
    "mean": 4.893267240767103,
    "std": 1.7293114931898552,
    "min": 2.4761867319460715,
    "max": 8.378223200911998,
    "median": 4.744906896419776,
    "count": 10
  },
  "energy_cut": {
    "mean": 4.893267240767097,
    "std": 1.7293114931898554,
    "min": 2.4761867319460693,
    "max": 8.378223200911998,
    "median": 4.74490689641976,
    "count": 10
  },
  "diff": {
    "mean": 5.861977570020826e-15,
    "std": 5.823498116720851e-15,
    "min": 0.0,
    "max": 1.865174681370263e-14,
    "median": 3.9968028886505635e-15,
    "count": 10
  },
  "time_exact": {
    "mean": 0.007686781883239746,
    "std": 0.0006362440725820778,
    "min": 0.007216453552246094,
    "max": 0.00935673713684082,
    "median": 0.007403731346130371,
    "count": 10
  },
  "time_cut": {
    "mean": 0.8932007789611817,
    "std": 0.2378305190857139,
    "min": 0.4327998161315918,
    "max": 1.315624713897705,
    "median": 0.8683586120605469,
    "count": 10
  },
  "num_cuts": {
    "mean": 1.0,
    "std": 0.0,
    "min": 1.0,
    "max": 1.0,
    "median": 1.0,
    "count": 10
  },
  "qpd_overhead": {
    "mean": 4.0,
    "std": 0.0,
    "min": 4.0,
    "max": 4.0,
    "median": 4.0,
    "count": 10
  }
}