{
  "qubits": {
    "mean": 14.0,
    "std": 0.0,
    "min": 14.0,
    "max": 14.0,
    "median": 14.0,
    "count": 5,
    "ci_95": 0.0
  },
  "cuts": {
    "mean": 0.0,
    "std": 0.0,
    "min": 0.0,
    "max": 0.0,
    "median": 0.0,
    "count": 5,
    "ci_95": 0.0
  },
  "fragments": {
    "mean": 1.0,
    "std": 0.0,
    "min": 1.0,
    "max": 1.0,
    "median": 1.0,
    "count": 5,
    "ci_95": 0.0
  },
  "hypervisor_time": {
    "mean": 3.628730773925781e-05,
    "std": 2.182018506745825e-06,
    "min": 3.314018249511719e-05,
    "max": 3.9577484130859375e-05,
    "median": 3.552436828613281e-05,
    "count": 5,
    "ci_95": 1.912623550024529e-06
  },
  "execution_time": {
    "mean": 0.015722274780273438,
    "std": 0.0006073906163568714,
    "min": 0.01508188247680664,
    "max": 0.01687026023864746,
    "median": 0.015545845031738281,
    "count": 5,
    "ci_95": 0.0005324013491712283
  },
  "vram_bound_mb": {
    "mean": 1.0100822448730469,
    "std": 0.0003086276337575721,
    "min": 1.0095329284667969,
    "max": 1.0104866027832031,
    "median": 1.0101127624511719,
    "count": 5,
    "ci_95": 0.0002705240485762013
  },
  "exact_vram_mb": {
    "mean": 0.25,
    "std": 0.0,
    "min": 0.25,
    "max": 0.25,
    "median": 0.25,
    "count": 5,
    "ci_95": 0.0
  },
  "energy": {
    "mean": 0.05868496865233719,
    "std": 0.011306300075042573,
    "min": 0.04892936085322991,
    "max": 0.07260027715947914,
    "median": 0.049767063605228756,
    "count": 5,
    "ci_95": 0.009910408972388016
  }
}