{
  "qubits": {
    "mean": 12.0,
    "std": 0.0,
    "min": 12.0,
    "max": 12.0,
    "median": 12.0,
    "count": 5,
    "ci_95": 0.0
  },
  "cuts": {
    "mean": 0.0,
    "std": 0.0,
    "min": 0.0,
    "max": 0.0,
    "median": 0.0,
    "count": 5,
    "ci_95": 0.0
  },
  "fragments": {
    "mean": 1.0,
    "std": 0.0,
    "min": 1.0,
    "max": 1.0,
    "median": 1.0,
    "count": 5,
    "ci_95": 0.0
  },
  "hypervisor_time": {
    "mean": 3.4809112548828125e-05,
    "std": 3.1340936136541337e-06,
    "min": 3.075599670410156e-05,
    "max": 3.790855407714844e-05,
    "median": 3.695487976074219e-05,
    "count": 5,
    "ci_95": 2.7471541762476135e-06
  },
  "execution_time": {
    "mean": 0.009073543548583984,
    "std": 0.00018389498105092904,
    "min": 0.008822202682495117,
    "max": 0.009364128112792969,
    "median": 0.009092330932617188,
    "count": 5,
    "ci_95": 0.0001611910579135579
  },
  "vram_bound_mb": {
    "mean": 0.26001968383789065,
    "std": 0.0004055911278211163,
    "min": 0.2594718933105469,
    "max": 0.2605323791503906,
    "median": 0.2602119445800781,
    "count": 5,
    "ci_95": 0.0003555162984884983
  },
  "exact_vram_mb": {
    "mean": 0.0625,
    "std": 0.0,
    "min": 0.0625,
    "max": 0.0625,
    "median": 0.0625,
    "count": 5,
    "ci_95": 0.0
  },
  "energy": {
    "mean": 0.04771971476370538,
    "std": 0.017370855845132174,
    "min": 0.02752997921991518,
    "max": 0.07153559164429912,
    "median": 0.04140945318702144,
    "count": 5,
    "ci_95": 0.015226226482849518
  }
}