{
  "qubits": {
    "mean": 16.0,
    "std": 0.0,
    "min": 16.0,
    "max": 16.0,
    "median": 16.0,
    "count": 5,
    "ci_95": 0.0
  },
  "cuts": {
    "mean": 1.0,
    "std": 0.0,
    "min": 1.0,
    "max": 1.0,
    "median": 1.0,
    "count": 5,
    "ci_95": 0.0
  },
  "fragments": {
    "mean": 2.0,
    "std": 0.0,
    "min": 2.0,
    "max": 2.0,
    "median": 2.0,
    "count": 5,
    "ci_95": 0.0
  },
  "hypervisor_time": {
    "mean": 0.0006169795989990235,
    "std": 9.573595844802031e-05,
    "min": 0.0005202293395996094,
    "max": 0.0007927417755126953,
    "median": 0.0006136894226074219,
    "count": 5,
    "ci_95": 8.391626750450051e-05
  },
  "execution_time": {
    "mean": 1.5150391101837157,
    "std": 0.4808273825365967,
    "min": 0.6673133373260498,
    "max": 2.1297361850738525,
    "median": 1.647920846939087,
    "count": 5,
    "ci_95": 0.42146378341568913
  },
  "vram_bound_mb": {
    "mean": 3.2429813385009765,
    "std": 1.1231567220073726,
    "min": 1.014042854309082,
    "max": 4.043046951293945,
    "median": 3.7348976135253906,
    "count": 5,
    "ci_95": 0.9844902736793731
  },
  "exact_vram_mb": {
    "mean": 1.0,
    "std": 0.0,
    "min": 1.0,
    "max": 1.0,
    "median": 1.0,
    "count": 5,
    "ci_95": 0.0
  },
  "energy": {
    "mean": 0.09773070372818057,
    "std": 0.02413986796302067,
    "min": 0.06849926087432934,
    "max": 0.14069783807340597,
    "median": 0.09806387703123165,
    "count": 5,
    "ci_95": 0.021159527207407967
  }
}