{
  "qubits": {
    "mean": 10.0,
    "std": 0.0,
    "min": 10.0,
    "max": 10.0,
    "median": 10.0,
    "count": 5,
    "ci_95": 0.0
  },
  "cuts": {
    "mean": 0.0,
    "std": 0.0,
    "min": 0.0,
    "max": 0.0,
    "median": 0.0,
    "count": 5,
    "ci_95": 0.0
  },
  "fragments": {
    "mean": 1.0,
    "std": 0.0,
    "min": 1.0,
    "max": 1.0,
    "median": 1.0,
    "count": 5,
    "ci_95": 0.0
  },
  "hypervisor_time": {
    "mean": 4.954338073730469e-05,
    "std": 2.9813344824460005e-05,
    "min": 3.0040740966796875e-05,
    "max": 0.0001087188720703125,
    "median": 3.695487976074219e-05,
    "count": 5,
    "ci_95": 2.6132548940340568e-05
  },
  "execution_time": {
    "mean": 0.007201004028320313,
    "std": 0.0011232637611094012,
    "min": 0.0063457489013671875,
    "max": 0.009420394897460938,
    "median": 0.006728410720825195,
    "count": 5,
    "ci_95": 0.0009845840975890605
  },
  "vram_bound_mb": {
    "mean": 0.07498359680175781,
    "std": 0.005557066837383472,
    "min": 0.07165145874023438,
    "max": 0.08608245849609375,
    "median": 0.07241439819335938,
    "count": 5,
    "ci_95": 0.004870983847928491
  },
  "exact_vram_mb": {
    "mean": 0.015625,
    "std": 0.0,
    "min": 0.015625,
    "max": 0.015625,
    "median": 0.015625,
    "count": 5,
    "ci_95": 0.0
  },
  "energy": {
    "mean": 0.034379271656037214,
    "std": 0.018723879257602133,
    "min": 0.019052114911016438,
    "max": 0.07058135253482128,
    "median": 0.026712629796723064,
    "count": 5,
    "ci_95": 0.01641220379441869
  }
}