{
  "num_qubits": {
    "mean": 14.0,
    "std": 0.0,
    "min": 14.0,
    "max": 14.0,
    "median": 14.0,
    "count": 10,
    "ci_95": 0.0
  },
  "num_samples": {
    "mean": 500.0,
    "std": 0.0,
    "min": 500.0,
    "max": 500.0,
    "median": 500.0,
    "count": 10,
    "ci_95": 0.0
  },
  "exact_energy": {
    "mean": 3.799999999999996,
    "std": 0.9797958971132671,
    "min": 2.9999999999999925,
    "max": 6.000000000000004,
    "median": 3.499999999999991,
    "count": 10,
    "ci_95": 0.6072837886853203
  },
  "e_cut": {
    "mean": 21.655670322001725,
    "std": 2.581193510120958,
    "min": 18.536443420214233,
    "max": 28.651782482484073,
    "median": 20.885104262000148,
    "count": 10,
    "ci_95": 1.5998403124309133
  },
  "error_cut": {
    "mean": 17.855670322001732,
    "std": 1.7577025836078581,
    "min": 15.536443420214237,
    "max": 22.65178248248407,
    "median": 17.704808902283737,
    "count": 10,
    "ci_95": 1.089435348219221
  },
  "cuts": {
    "mean": 1.0,
    "std": 0.0,
    "min": 1.0,
    "max": 1.0,
    "median": 1.0,
    "count": 10,
    "ci_95": 0.0
  }
}