{
  "num_qubits": {
    "mean": 10.0,
    "std": 0.0,
    "min": 10.0,
    "max": 10.0,
    "median": 10.0,
    "count": 10,
    "ci_95": 0.0
  },
  "num_samples": {
    "mean": -1.0,
    "std": 0.0,
    "min": -1.0,
    "max": -1.0,
    "median": -1.0,
    "count": 10,
    "ci_95": 0.0
  },
  "exact_energy": {
    "mean": 0.0,
    "std": 0.0,
    "min": 0.0,
    "max": 0.0,
    "median": 0.0,
    "count": 10,
    "ci_95": 0.0
  },
  "e_cut": {
    "mean": 10.831384340748269,
    "std": 1.9603670998003875,
    "min": 7.2652307564484575,
    "max": 15.298665151826992,
    "median": 10.655621273841913,
    "count": 10,
    "ci_95": 1.2150481167438567
  },
  "error_cut": {
    "mean": 10.831384340748269,
    "std": 1.9603670998003875,
    "min": 7.2652307564484575,
    "max": 15.298665151826992,
    "median": 10.655621273841913,
    "count": 10,
    "ci_95": 1.2150481167438567
  },
  "cuts": {
    "mean": 1.0,
    "std": 0.0,
    "min": 1.0,
    "max": 1.0,
    "median": 1.0,
    "count": 10,
    "ci_95": 0.0
  }
}