{
  "num_qubits": {
    "mean": 14.0,
    "std": 0.0,
    "min": 14.0,
    "max": 14.0,
    "median": 14.0,
    "count": 10,
    "ci_95": 0.0
  },
  "num_samples": {
    "mean": -1.0,
    "std": 0.0,
    "min": -1.0,
    "max": -1.0,
    "median": -1.0,
    "count": 10,
    "ci_95": 0.0
  },
  "exact_energy": {
    "mean": 3.7999999999999874,
    "std": 0.9797958971132577,
    "min": 2.9999999999999907,
    "max": 5.9999999999999405,
    "median": 3.499999999999986,
    "count": 10,
    "ci_95": 0.6072837886853145
  },
  "e_cut": {
    "mean": 21.65567032200366,
    "std": 2.581193510121044,
    "min": 18.536443420214233,
    "max": 28.65178248248407,
    "median": 20.88510426200325,
    "count": 10,
    "ci_95": 1.5998403124309664
  },
  "error_cut": {
    "mean": 17.85567032200368,
    "std": 1.7577025836077556,
    "min": 15.536443420214237,
    "max": 22.65178248248413,
    "median": 17.704808902290175,
    "count": 10,
    "ci_95": 1.0894353482191574
  },
  "cuts": {
    "mean": 1.6,
    "std": 0.9165151389911679,
    "min": 1.0,
    "max": 3.0,
    "median": 1.0,
    "count": 10,
    "ci_95": 0.5680619684506258
  }
}