{
  "num_qubits": {
    "mean": 10.0,
    "std": 0.0,
    "min": 10.0,
    "max": 10.0,
    "median": 10.0,
    "count": 10,
    "ci_95": 0.0
  },
  "num_samples": {
    "mean": 5000.0,
    "std": 0.0,
    "min": 5000.0,
    "max": 5000.0,
    "median": 5000.0,
    "count": 10,
    "ci_95": 0.0
  },
  "exact_energy": {
    "mean": 0.0,
    "std": 0.0,
    "min": 0.0,
    "max": 0.0,
    "median": 0.0,
    "count": 10,
    "ci_95": 0.0
  },
  "e_cut": {
    "mean": 11.173103930986283,
    "std": 2.169680789129226,
    "min": 7.26523075644846,
    "max": 15.298665151827006,
    "median": 11.04069211975741,
    "count": 10,
    "ci_95": 1.3447820854753307
  },
  "error_cut": {
    "mean": 11.173103930986283,
    "std": 2.169680789129226,
    "min": 7.26523075644846,
    "max": 15.298665151827006,
    "median": 11.04069211975741,
    "count": 10,
    "ci_95": 1.3447820854753307
  },
  "cuts": {
    "mean": 1.4,
    "std": 0.8,
    "min": 1.0,
    "max": 3.0,
    "median": 1.0,
    "count": 10,
    "ci_95": 0.4958451371144018
  }
}