{
  "num_qubits": {
    "mean": 14.0,
    "std": 0.0,
    "min": 14.0,
    "max": 14.0,
    "median": 14.0,
    "count": 10,
    "ci_95": 0.0
  },
  "num_samples": {
    "mean": 5000.0,
    "std": 0.0,
    "min": 5000.0,
    "max": 5000.0,
    "median": 5000.0,
    "count": 10,
    "ci_95": 0.0
  },
  "exact_energy": {
    "mean": 3.7999999999999856,
    "std": 0.979795897113268,
    "min": 2.999999999999985,
    "max": 5.999999999999987,
    "median": 3.499999999999975,
    "count": 10,
    "ci_95": 0.6072837886853208
  },
  "e_cut": {
    "mean": 29.759076281501343,
    "std": 28.494968629098082,
    "min": -10.020462451993838,
    "max": 97.95745935001231,
    "median": 20.732871347047737,
    "count": 10,
    "ci_95": 17.661364533707147
  },
  "error_cut": {
    "mean": 28.963168771900122,
    "std": 25.882736117972524,
    "min": 4.30627038263201,
    "max": 94.95745935001231,
    "median": 17.561764046562065,
    "count": 10,
    "ci_95": 16.042286049139957
  },
  "cuts": {
    "mean": 2.0,
    "std": 1.0,
    "min": 1.0,
    "max": 3.0,
    "median": 2.0,
    "count": 10,
    "ci_95": 0.6198064213930023
  }
}