{
  "num_qubits": {
    "mean": 14.0,
    "std": 0.0,
    "min": 14.0,
    "max": 14.0,
    "median": 14.0,
    "count": 10,
    "ci_95": 0.0
  },
  "num_samples": {
    "mean": 1000.0,
    "std": 0.0,
    "min": 1000.0,
    "max": 1000.0,
    "median": 1000.0,
    "count": 10,
    "ci_95": 0.0
  },
  "exact_energy": {
    "mean": 3.7999999999999936,
    "std": 0.979795897113268,
    "min": 2.9999999999999845,
    "max": 5.999999999999982,
    "median": 3.4999999999999947,
    "count": 10,
    "ci_95": 0.6072837886853208
  },
  "e_cut": {
    "mean": 62.281285735867414,
    "std": 96.16488114237025,
    "min": 19.92913555485647,
    "max": 341.1571353478649,
    "median": 21.958055541321823,
    "count": 10,
    "ci_95": 59.603610844535915
  },
  "error_cut": {
    "mean": 58.4812857358674,
    "std": 96.48374115997012,
    "min": 16.717120548772648,
    "max": 338.1571353478649,
    "median": 17.928654525797988,
    "count": 10,
    "ci_95": 59.8012423309698
  },
  "cuts": {
    "mean": 1.4,
    "std": 0.8,
    "min": 1.0,
    "max": 3.0,
    "median": 1.0,
    "count": 10,
    "ci_95": 0.4958451371144018
  }
}