{
  "num_qubits": {
    "mean": 14.0,
    "std": 0.0,
    "min": 14.0,
    "max": 14.0,
    "median": 14.0,
    "count": 10,
    "ci_95": 0.0
  },
  "num_samples": {
    "mean": 100.0,
    "std": 0.0,
    "min": 100.0,
    "max": 100.0,
    "median": 100.0,
    "count": 10,
    "ci_95": 0.0
  },
  "exact_energy": {
    "mean": 3.7999999999999865,
    "std": 0.9797958971132678,
    "min": 2.99999999999999,
    "max": 5.9999999999999964,
    "median": 3.499999999999975,
    "count": 10,
    "ci_95": 0.6072837886853207
  },
  "e_cut": {
    "mean": -9.539334906196887,
    "std": 108.20136124020605,
    "min": -332.1379017404898,
    "max": 61.311377551627416,
    "median": 21.428654525798017,
    "count": 10,
    "ci_95": 67.06389850014362
  },
  "error_cut": {
    "mean": 53.68824544190109,
    "std": 94.60211245746073,
    "min": 15.536443420214251,
    "max": 335.1379017404898,
    "median": 17.928654525798045,
    "count": 10,
    "ci_95": 58.6349967784771
  },
  "cuts": {
    "mean": 1.4,
    "std": 0.8,
    "min": 1.0,
    "max": 3.0,
    "median": 1.0,
    "count": 10,
    "ci_95": 0.4958451371144018
  }
}