{
  "num_qubits": {
    "mean": 10.0,
    "std": 0.0,
    "min": 10.0,
    "max": 10.0,
    "median": 10.0,
    "count": 10,
    "ci_95": 0.0
  },
  "num_samples": {
    "mean": 100.0,
    "std": 0.0,
    "min": 100.0,
    "max": 100.0,
    "median": 100.0,
    "count": 10,
    "ci_95": 0.0
  },
  "exact_energy": {
    "mean": 0.0,
    "std": 0.0,
    "min": 0.0,
    "max": 0.0,
    "median": 0.0,
    "count": 10,
    "ci_95": 0.0
  },
  "e_cut": {
    "mean": 2.6835103957738036,
    "std": 17.721286772933272,
    "min": -39.92461394463891,
    "max": 15.298665151827006,
    "median": 10.580067050290932,
    "count": 10,
    "ci_95": 10.983767337210917
  },
  "error_cut": {
    "mean": 15.437820371677967,
    "std": 9.105983478162615,
    "min": 9.41331251583436,
    "max": 39.92461394463891,
    "median": 11.39035595379772,
    "count": 10,
    "ci_95": 5.643947032863775
  },
  "cuts": {
    "mean": 1.4,
    "std": 0.8,
    "min": 1.0,
    "max": 3.0,
    "median": 1.0,
    "count": 10,
    "ci_95": 0.4958451371144018
  }
}