{
  "num_qubits": {
    "mean": 14.0,
    "std": 0.0,
    "min": 14.0,
    "max": 14.0,
    "median": 14.0,
    "count": 10,
    "ci_95": 0.0
  },
  "num_samples": {
    "mean": 10000.0,
    "std": 0.0,
    "min": 10000.0,
    "max": 10000.0,
    "median": 10000.0,
    "count": 10,
    "ci_95": 0.0
  },
  "exact_energy": {
    "mean": 3.7999999999999936,
    "std": 0.9797958971132684,
    "min": 2.9999999999999827,
    "max": 6.000000000000004,
    "median": 3.499999999999997,
    "count": 10,
    "ci_95": 0.6072837886853212
  },
  "e_cut": {
    "mean": 19.399201591627666,
    "std": 7.0409824300754105,
    "min": -0.23754023671232669,
    "max": 28.651782482484105,
    "median": 20.732871347047737,
    "count": 10,
    "ci_95": 4.364046123076045
  },
  "error_cut": {
    "mean": 16.246709638970138,
    "std": 4.71711358284193,
    "min": 3.2375402367123263,
    "max": 22.6517824824841,
    "median": 17.51795080352302,
    "count": 10,
    "ci_95": 2.92369728908558
  },
  "cuts": {
    "mean": 1.4,
    "std": 0.8,
    "min": 1.0,
    "max": 3.0,
    "median": 1.0,
    "count": 10,
    "ci_95": 0.4958451371144018
  }
}