{
    "exact_sv": {
        "energy": 69.05587443989296,
        "time_seconds": 17.845911502838135,
        "peak_memory_mb": 0.03871631622314453
    },
    "256": {
        "max_bond": 256,
        "energy": 69.05826200432332,
        "error": 0.002387564430364364,
        "time_seconds": 339.7728760242462,
        "peak_memory_mb": 0.030147552490234375
    },
    "128": {
        "max_bond": 128,
        "energy": 69.06296870479208,
        "error": 0.007094264899123459,
        "time_seconds": 54.1187961101532,
        "peak_memory_mb": 0.027618408203125
    },
    "64": {
        "max_bond": 64,
        "energy": 69.05688566057673,
        "error": 0.0010112206837646909,
        "time_seconds": 6.483646631240845,
        "peak_memory_mb": 0.038684844970703125
    },
    "32": {
        "max_bond": 32,
        "energy": 69.02085579690605,
        "error": 0.035018642986912596,
        "time_seconds": 0.9817278385162354,
        "peak_memory_mb": 0.024658203125
    },
    "16": {
        "max_bond": 16,
        "energy": 68.91415466737217,
        "error": 0.14171977252078705,
        "time_seconds": 0.19576406478881836,
        "peak_memory_mb": 0.02433013916015625
    },
    "8": {
        "max_bond": 8,
        "energy": 68.7511471237969,
        "error": 0.30472731609606285,
        "time_seconds": 0.056658267974853516,
        "peak_memory_mb": 0.024288177490234375
    },
    "4": {
        "max_bond": 4,
        "energy": 68.59458498369334,
        "error": 0.4612894561996228,
        "time_seconds": 0.03101491928100586,
        "peak_memory_mb": 0.024227142333984375
    },
    "2": {
        "max_bond": 2,
        "energy": 68.15627429238711,
        "error": 0.8996001475058506,
        "time_seconds": 0.02557682991027832,
        "peak_memory_mb": 0.024166107177734375
    }
}