{
  "num_cuts": {
    "mean": 1.8,
    "std": 0.9797958971132713,
    "min": 1.0,
    "max": 3.0,
    "median": 1.0,
    "count": 10,
    "ci_95": 0.607283788685323
  },
  "num_fragments": {
    "mean": 2.0,
    "std": 0.0,
    "min": 2.0,
    "max": 2.0,
    "median": 2.0,
    "count": 10,
    "ci_95": 0.0
  },
  "energy_exact": {
    "mean": 15.219032363207997,
    "std": 2.703545758128549,
    "min": 11.25619769268682,
    "max": 19.88553195690228,
    "median": 14.830823215269145,
    "count": 10,
    "ci_95": 1.6756750214178873
  },
  "time_exact": {
    "mean": 47.902701783180234,
    "std": 60.99259787966487,
    "min": 1.202967643737793,
    "max": 149.30839276313782,
    "median": 2.4247363805770874,
    "count": 10,
    "ci_95": 37.8036038232575
  },
  "energy_2": {
    "mean": 15.219032363207997,
    "std": 2.703545758128549,
    "min": 11.25619769268682,
    "max": 19.88553195690228,
    "median": 14.830823215269145,
    "count": 10,
    "ci_95": 1.6756750214178873
  },
  "error_2": {
    "mean": 3.4283687000424835e-14,
    "std": 2.0019313032381576e-14,
    "min": 8.881784197001252e-15,
    "max": 6.039613253960852e-14,
    "median": 2.842170943040401e-14,
    "count": 10,
    "ci_95": 1.2408098769346718e-14
  },
  "time_2": {
    "mean": 48.43042154312134,
    "std": 61.28563518393008,
    "min": 1.200141191482544,
    "max": 149.83832955360413,
    "median": 2.4179824590682983,
    "count": 10,
    "ci_95": 37.98523022614877
  },
  "energy_3": {
    "mean": 15.219032363207997,
    "std": 2.703545758128549,
    "min": 11.25619769268682,
    "max": 19.88553195690228,
    "median": 14.830823215269145,
    "count": 10,
    "ci_95": 1.6756750214178873
  },
  "error_3": {
    "mean": 3.4283687000424835e-14,
    "std": 2.0019313032381576e-14,
    "min": 8.881784197001252e-15,
    "max": 6.039613253960852e-14,
    "median": 2.842170943040401e-14,
    "count": 10,
    "ci_95": 1.2408098769346718e-14
  },
  "time_3": {
    "mean": 48.41623160839081,
    "std": 61.19550926634852,
    "min": 1.200329065322876,
    "max": 149.364089012146,
    "median": 2.433969020843506,
    "count": 10,
    "ci_95": 37.929369603697786
  },
  "energy_4": {
    "mean": 15.219032363207997,
    "std": 2.703545758128549,
    "min": 11.25619769268682,
    "max": 19.88553195690228,
    "median": 14.830823215269145,
    "count": 10,
    "ci_95": 1.6756750214178873
  },
  "error_4": {
    "mean": 3.4283687000424835e-14,
    "std": 2.0019313032381576e-14,
    "min": 8.881784197001252e-15,
    "max": 6.039613253960852e-14,
    "median": 2.842170943040401e-14,
    "count": 10,
    "ci_95": 1.2408098769346718e-14
  },
  "time_4": {
    "mean": 48.36865561008453,
    "std": 61.08699656611381,
    "min": 1.2001783847808838,
    "max": 149.21652722358704,
    "median": 2.411977171897888,
    "count": 10,
    "ci_95": 37.86211273528962
  },
  "energy_6": {
    "mean": 15.219032363207997,
    "std": 2.703545758128549,
    "min": 11.25619769268682,
    "max": 19.88553195690228,
    "median": 14.830823215269145,
    "count": 10,
    "ci_95": 1.6756750214178873
  },
  "error_6": {
    "mean": 3.4283687000424835e-14,
    "std": 2.0019313032381576e-14,
    "min": 8.881784197001252e-15,
    "max": 6.039613253960852e-14,
    "median": 2.842170943040401e-14,
    "count": 10,
    "ci_95": 1.2408098769346718e-14
  },
  "time_6": {
    "mean": 48.29226953983307,
    "std": 61.1844708156994,
    "min": 1.2211551666259766,
    "max": 149.51761078834534,
    "median": 2.3756861686706543,
    "count": 10,
    "ci_95": 37.92252790110323
  },
  "energy_8": {
    "mean": 15.219032363207997,
    "std": 2.703545758128549,
    "min": 11.25619769268682,
    "max": 19.88553195690228,
    "median": 14.830823215269145,
    "count": 10,
    "ci_95": 1.6756750214178873
  },
  "error_8": {
    "mean": 3.4283687000424835e-14,
    "std": 2.0019313032381576e-14,
    "min": 8.881784197001252e-15,
    "max": 6.039613253960852e-14,
    "median": 2.842170943040401e-14,
    "count": 10,
    "ci_95": 1.2408098769346718e-14
  },
  "time_8": {
    "mean": 48.28469250202179,
    "std": 61.01493086214126,
    "min": 1.235625982284546,
    "max": 149.2888629436493,
    "median": 2.4492342472076416,
    "count": 10,
    "ci_95": 37.81744594920523
  },
  "energy_16": {
    "mean": 15.219032363207997,
    "std": 2.703545758128549,
    "min": 11.25619769268682,
    "max": 19.88553195690228,
    "median": 14.830823215269145,
    "count": 10,
    "ci_95": 1.6756750214178873
  },
  "error_16": {
    "mean": 3.4283687000424835e-14,
    "std": 2.0019313032381576e-14,
    "min": 8.881784197001252e-15,
    "max": 6.039613253960852e-14,
    "median": 2.842170943040401e-14,
    "count": 10,
    "ci_95": 1.2408098769346718e-14
  },
  "time_16": {
    "mean": 48.3064769744873,
    "std": 61.15207362386402,
    "min": 1.2092182636260986,
    "max": 149.32681369781494,
    "median": 2.411147952079773,
    "count": 10,
    "ci_95": 37.902447913568565
  },
  "energy_32": {
    "mean": 15.219032363207997,
    "std": 2.703545758128549,
    "min": 11.25619769268682,
    "max": 19.88553195690228,
    "median": 14.830823215269145,
    "count": 10,
    "ci_95": 1.6756750214178873
  },
  "error_32": {
    "mean": 3.4283687000424835e-14,
    "std": 2.0019313032381576e-14,
    "min": 8.881784197001252e-15,
    "max": 6.039613253960852e-14,
    "median": 2.842170943040401e-14,
    "count": 10,
    "ci_95": 1.2408098769346718e-14
  },
  "time_32": {
    "mean": 48.288952994346616,
    "std": 61.103122259672105,
    "min": 1.3017563819885254,
    "max": 149.18009328842163,
    "median": 2.3998050689697266,
    "count": 10,
    "ci_95": 37.87210754370647
  },
  "error_exact": {
    "mean": 3.4283687000424835e-14,
    "std": 2.0019313032381576e-14,
    "min": 8.881784197001252e-15,
    "max": 6.039613253960852e-14,
    "median": 2.842170943040401e-14,
    "count": 10,
    "ci_95": 1.2408098769346718e-14
  }
}