{
  "num_cuts": {
    "mean": 1.0,
    "std": 0.0,
    "min": 1.0,
    "max": 1.0,
    "median": 1.0,
    "count": 5,
    "ci_95": 0.0
  },
  "num_fragments": {
    "mean": 2.0,
    "std": 0.0,
    "min": 2.0,
    "max": 2.0,
    "median": 2.0,
    "count": 5,
    "ci_95": 0.0
  },
  "time_ibm": {
    "mean": 0.40659489631652834,
    "std": 0.11927482727003381,
    "min": 0.19990301132202148,
    "max": 0.5656464099884033,
    "median": 0.439178466796875,
    "count": 5,
    "ci_95": 0.10454899573789378
  },
  "energy_ibm": {
    "mean": 7.90369321375052,
    "std": 1.5223100382394916,
    "min": 5.5255348850044115,
    "max": 10.308100479807507,
    "median": 7.751531631415948,
    "count": 5,
    "ci_95": 1.3343635815068524
  },
  "time_tn_exact": {
    "mean": 0.4071322441101074,
    "std": 0.12654691031891363,
    "min": 0.18126201629638672,
    "max": 0.5674469470977783,
    "median": 0.44295573234558105,
    "count": 5,
    "ci_95": 0.1109232575757389
  },
  "energy_tn_exact": {
    "mean": 7.90369321375052,
    "std": 1.5223100382394916,
    "min": 5.5255348850044115,
    "max": 10.308100479807507,
    "median": 7.751531631415948,
    "count": 5,
    "ci_95": 1.3343635815068524
  },
  "time_tn_chi_2": {
    "mean": 0.4045409202575684,
    "std": 0.1261611291706779,
    "min": 0.18084073066711426,
    "max": 0.5625536441802979,
    "median": 0.44223999977111816,
    "count": 5,
    "ci_95": 0.11058510548995683
  },
  "energy_tn_chi_2": {
    "mean": 7.90369321375052,
    "std": 1.5223100382394916,
    "min": 5.5255348850044115,
    "max": 10.308100479807507,
    "median": 7.751531631415948,
    "count": 5,
    "ci_95": 1.3343635815068524
  },
  "time_tn_chi_4": {
    "mean": 0.4076063632965088,
    "std": 0.12021958444265012,
    "min": 0.19886469841003418,
    "max": 0.5634942054748535,
    "median": 0.4470963478088379,
    "count": 5,
    "ci_95": 0.10537711191189238
  },
  "energy_tn_chi_4": {
    "mean": 7.90369321375052,
    "std": 1.5223100382394916,
    "min": 5.5255348850044115,
    "max": 10.308100479807507,
    "median": 7.751531631415948,
    "count": 5,
    "ci_95": 1.3343635815068524
  },
  "time_tn_chi_8": {
    "mean": 0.4015038967132568,
    "std": 0.12745064915529775,
    "min": 0.18210864067077637,
    "max": 0.5702047348022461,
    "median": 0.4374241828918457,
    "count": 5,
    "ci_95": 0.11171541959278697
  },
  "energy_tn_chi_8": {
    "mean": 7.90369321375052,
    "std": 1.5223100382394916,
    "min": 5.5255348850044115,
    "max": 10.308100479807507,
    "median": 7.751531631415948,
    "count": 5,
    "ci_95": 1.3343635815068524
  },
  "time_tn_chi_16": {
    "mean": 0.4018895626068115,
    "std": 0.1274689662272509,
    "min": 0.18078875541687012,
    "max": 0.5688693523406982,
    "median": 0.4392516613006592,
    "count": 5,
    "ci_95": 0.1117314752142571
  },
  "energy_tn_chi_16": {
    "mean": 7.90369321375052,
    "std": 1.5223100382394916,
    "min": 5.5255348850044115,
    "max": 10.308100479807507,
    "median": 7.751531631415948,
    "count": 5,
    "ci_95": 1.3343635815068524
  },
  "time_tn_chi_32": {
    "mean": 0.40505661964416506,
    "std": 0.12927864058536595,
    "min": 0.18183088302612305,
    "max": 0.5761995315551758,
    "median": 0.44099855422973633,
    "count": 5,
    "ci_95": 0.11331772472795545
  },
  "energy_tn_chi_32": {
    "mean": 7.90369321375052,
    "std": 1.5223100382394916,
    "min": 5.5255348850044115,
    "max": 10.308100479807507,
    "median": 7.751531631415948,
    "count": 5,
    "ci_95": 1.3343635815068524
  }
}