{
  "num_cuts": {
    "mean": 1.0,
    "std": 0.0,
    "min": 1.0,
    "max": 1.0,
    "median": 1.0,
    "count": 1,
    "ci_95": 0.0
  },
  "num_fragments": {
    "mean": 2.0,
    "std": 0.0,
    "min": 2.0,
    "max": 2.0,
    "median": 2.0,
    "count": 1,
    "ci_95": 0.0
  },
  "time_tn_chi_8": {
    "mean": 0.4844400882720947,
    "std": 0.0,
    "min": 0.4844400882720947,
    "max": 0.4844400882720947,
    "median": 0.4844400882720947,
    "count": 1,
    "ci_95": 0.0
  },
  "energy_tn_chi_8": {
    "mean": -10.496606000474763,
    "std": 0.0,
    "min": -10.496606000474763,
    "max": -10.496606000474763,
    "median": -10.496606000474763,
    "count": 1,
    "ci_95": 0.0
  }
}