{
  "num_cuts": {
    "mean": 1.0,
    "std": 0.0,
    "min": 1.0,
    "max": 1.0,
    "median": 1.0,
    "count": 1,
    "ci_95": 0.0
  },
  "num_fragments": {
    "mean": 2.0,
    "std": 0.0,
    "min": 2.0,
    "max": 2.0,
    "median": 2.0,
    "count": 1,
    "ci_95": 0.0
  },
  "time_tn_chi_8": {
    "mean": 0.9576945304870605,
    "std": 0.0,
    "min": 0.9576945304870605,
    "max": 0.9576945304870605,
    "median": 0.9576945304870605,
    "count": 1,
    "ci_95": 0.0
  },
  "energy_tn_chi_8": {
    "mean": -11.256197692686875,
    "std": 0.0,
    "min": -11.256197692686875,
    "max": -11.256197692686875,
    "median": -11.256197692686875,
    "count": 1,
    "ci_95": 0.0
  }
}