{
  "num_cuts": {
    "mean": 0.0,
    "std": 0.0,
    "min": 0.0,
    "max": 0.0,
    "median": 0.0,
    "count": 5,
    "ci_95": 0.0
  },
  "num_fragments": {
    "mean": 1.0,
    "std": 0.0,
    "min": 1.0,
    "max": 1.0,
    "median": 1.0,
    "count": 5,
    "ci_95": 0.0
  },
  "time_ibm": {
    "mean": 0.012183141708374024,
    "std": 0.0005998656442531094,
    "min": 0.011388540267944336,
    "max": 0.013041496276855469,
    "median": 0.012094259262084961,
    "count": 5,
    "ci_95": 0.0005258054203033302
  },
  "energy_ibm": {
    "mean": 4.881166277745651,
    "std": 1.3661085347006168,
    "min": 2.84982131697493,
    "max": 6.626607241215281,
    "median": 5.496901438195337,
    "count": 5,
    "ci_95": 1.197446926907418
  },
  "time_tn_exact": {
    "mean": 0.011363649368286132,
    "std": 0.00020688549339755808,
    "min": 0.011112451553344727,
    "max": 0.011650562286376953,
    "median": 0.011294126510620117,
    "count": 5,
    "ci_95": 0.00018134313050384532
  },
  "energy_tn_exact": {
    "mean": 4.881166277745651,
    "std": 1.3661085347006168,
    "min": 2.84982131697493,
    "max": 6.626607241215281,
    "median": 5.496901438195337,
    "count": 5,
    "ci_95": 1.197446926907418
  },
  "time_tn_chi_2": {
    "mean": 0.01155710220336914,
    "std": 0.00037458895881253954,
    "min": 0.010808229446411133,
    "max": 0.01175999641418457,
    "median": 0.011734724044799805,
    "count": 5,
    "ci_95": 0.0003283416992060772
  },
  "energy_tn_chi_2": {
    "mean": 4.881166277745651,
    "std": 1.3661085347006168,
    "min": 2.84982131697493,
    "max": 6.626607241215281,
    "median": 5.496901438195337,
    "count": 5,
    "ci_95": 1.197446926907418
  },
  "time_tn_chi_4": {
    "mean": 0.01158919334411621,
    "std": 0.00011843310388035702,
    "min": 0.011402130126953125,
    "max": 0.011718273162841797,
    "median": 0.011604785919189453,
    "count": 5,
    "ci_95": 0.00010381119265660677
  },
  "energy_tn_chi_4": {
    "mean": 4.881166277745651,
    "std": 1.3661085347006168,
    "min": 2.84982131697493,
    "max": 6.626607241215281,
    "median": 5.496901438195337,
    "count": 5,
    "ci_95": 1.197446926907418
  },
  "time_tn_chi_8": {
    "mean": 0.011707830429077148,
    "std": 0.0005126736477052257,
    "min": 0.011168241500854492,
    "max": 0.012651205062866211,
    "median": 0.011489152908325195,
    "count": 5,
    "ci_95": 0.0004493782656043321
  },
  "energy_tn_chi_8": {
    "mean": 4.881166277745651,
    "std": 1.3661085347006168,
    "min": 2.84982131697493,
    "max": 6.626607241215281,
    "median": 5.496901438195337,
    "count": 5,
    "ci_95": 1.197446926907418
  },
  "time_tn_chi_16": {
    "mean": 0.011627388000488282,
    "std": 0.00022802487520134047,
    "min": 0.01129770278930664,
    "max": 0.011933565139770508,
    "median": 0.01164698600769043,
    "count": 5,
    "ci_95": 0.0001998726156323525
  },
  "energy_tn_chi_16": {
    "mean": 4.881166277745651,
    "std": 1.3661085347006168,
    "min": 2.84982131697493,
    "max": 6.626607241215281,
    "median": 5.496901438195337,
    "count": 5,
    "ci_95": 1.197446926907418
  },
  "time_tn_chi_32": {
    "mean": 0.012297725677490235,
    "std": 0.0011765719868399522,
    "min": 0.011373519897460938,
    "max": 0.014600753784179688,
    "median": 0.011734485626220703,
    "count": 5,
    "ci_95": 0.0010313108176544794
  },
  "energy_tn_chi_32": {
    "mean": 4.881166277745651,
    "std": 1.3661085347006168,
    "min": 2.84982131697493,
    "max": 6.626607241215281,
    "median": 5.496901438195337,
    "count": 5,
    "ci_95": 1.197446926907418
  }
}