{
  "num_cuts": {
    "mean": 3.0,
    "std": 0.0,
    "min": 3.0,
    "max": 3.0,
    "median": 3.0,
    "count": 1,
    "ci_95": 0.0
  },
  "num_fragments": {
    "mean": 2.0,
    "std": 0.0,
    "min": 2.0,
    "max": 2.0,
    "median": 2.0,
    "count": 1,
    "ci_95": 0.0
  },
  "time_tn_chi_8": {
    "mean": 101.85503149032593,
    "std": 0.0,
    "min": 101.85503149032593,
    "max": 101.85503149032593,
    "median": 101.85503149032593,
    "count": 1,
    "ci_95": 0.0
  },
  "energy_tn_chi_8": {
    "mean": -14.083238680029854,
    "std": 0.0,
    "min": -14.083238680029854,
    "max": -14.083238680029854,
    "median": -14.083238680029854,
    "count": 1,
    "ci_95": 0.0
  }
}