{
  "num_cuts": {
    "mean": 1.8,
    "std": 0.9797958971132713,
    "min": 1.0,
    "max": 3.0,
    "median": 1.0,
    "count": 5,
    "ci_95": 0.8588289701681004
  },
  "num_fragments": {
    "mean": 2.0,
    "std": 0.0,
    "min": 2.0,
    "max": 2.0,
    "median": 2.0,
    "count": 5,
    "ci_95": 0.0
  },
  "time_ibm": {
    "mean": 8.610857582092285,
    "std": 11.745663349104527,
    "min": 0.4289207458496094,
    "max": 30.723718404769897,
    "median": 0.653447151184082,
    "count": 5,
    "ci_95": 10.29552786225482
  },
  "energy_ibm": {
    "mean": 7.903693213750505,
    "std": 1.522310038239491,
    "min": 5.5255348850044115,
    "max": 10.308100479807507,
    "median": 7.751531631415906,
    "count": 5,
    "ci_95": 1.334363581506852
  },
  "time_tn_exact": {
    "mean": 8.416014671325684,
    "std": 11.492830294307657,
    "min": 0.415996789932251,
    "max": 30.068625450134277,
    "median": 0.6192936897277832,
    "count": 5,
    "ci_95": 10.073909918440808
  },
  "energy_tn_exact": {
    "mean": 7.903693213750506,
    "std": 1.5223100382394907,
    "min": 5.5255348850044115,
    "max": 10.308100479807507,
    "median": 7.751531631415914,
    "count": 5,
    "ci_95": 1.3343635815068517
  },
  "time_tn_chi_2": {
    "mean": 8.0373966217041,
    "std": 10.652689765147324,
    "min": 0.4392235279083252,
    "max": 27.79474902153015,
    "median": 0.6215293407440186,
    "count": 5,
    "ci_95": 9.33749427556959
  },
  "energy_tn_chi_2": {
    "mean": 7.903693213750506,
    "std": 1.5223100382394907,
    "min": 5.5255348850044115,
    "max": 10.308100479807507,
    "median": 7.751531631415914,
    "count": 5,
    "ci_95": 1.3343635815068517
  },
  "time_tn_chi_4": {
    "mean": 8.038210582733154,
    "std": 10.63292123851018,
    "min": 0.45120859146118164,
    "max": 27.714723825454712,
    "median": 0.6283588409423828,
    "count": 5,
    "ci_95": 9.320166397974326
  },
  "energy_tn_chi_4": {
    "mean": 7.903693213750506,
    "std": 1.5223100382394907,
    "min": 5.5255348850044115,
    "max": 10.308100479807507,
    "median": 7.751531631415914,
    "count": 5,
    "ci_95": 1.3343635815068517
  },
  "time_tn_chi_8": {
    "mean": 8.09328751564026,
    "std": 10.7576772626086,
    "min": 0.43531203269958496,
    "max": 28.08173894882202,
    "median": 0.6399953365325928,
    "count": 5,
    "ci_95": 9.4295198745651
  },
  "energy_tn_chi_8": {
    "mean": 7.903693213750506,
    "std": 1.5223100382394907,
    "min": 5.5255348850044115,
    "max": 10.308100479807507,
    "median": 7.751531631415914,
    "count": 5,
    "ci_95": 1.3343635815068517
  },
  "time_tn_chi_16": {
    "mean": 8.220260524749756,
    "std": 11.027936536470191,
    "min": 0.4231736660003662,
    "max": 28.834465742111206,
    "median": 0.6656765937805176,
    "count": 5,
    "ci_95": 9.666412572863566
  },
  "energy_tn_chi_16": {
    "mean": 7.903693213750506,
    "std": 1.5223100382394907,
    "min": 5.5255348850044115,
    "max": 10.308100479807507,
    "median": 7.751531631415914,
    "count": 5,
    "ci_95": 1.3343635815068517
  },
  "time_tn_chi_32": {
    "mean": 8.225060415267944,
    "std": 10.98057290801652,
    "min": 0.4252135753631592,
    "max": 28.7272629737854,
    "median": 0.64510178565979,
    "count": 5,
    "ci_95": 9.624896522053254
  },
  "energy_tn_chi_32": {
    "mean": 7.903693213750506,
    "std": 1.5223100382394907,
    "min": 5.5255348850044115,
    "max": 10.308100479807507,
    "median": 7.751531631415914,
    "count": 5,
    "ci_95": 1.3343635815068517
  }
}