{
  "num_cuts": {
    "mean": 0.0,
    "std": 0.0,
    "min": 0.0,
    "max": 0.0,
    "median": 0.0,
    "count": 5,
    "ci_95": 0.0
  },
  "num_fragments": {
    "mean": 1.0,
    "std": 0.0,
    "min": 1.0,
    "max": 1.0,
    "median": 1.0,
    "count": 5,
    "ci_95": 0.0
  },
  "time_ibm": {
    "mean": 0.004262590408325195,
    "std": 0.0001369355277394567,
    "min": 0.004127979278564453,
    "max": 0.00449061393737793,
    "median": 0.004225492477416992,
    "count": 5,
    "ci_95": 0.00012002928223561144
  },
  "energy_ibm": {
    "mean": 3.564331203499937,
    "std": 0.6444632221202485,
    "min": 2.5319299538093287,
    "max": 4.555702894027479,
    "median": 3.6075595428293945,
    "count": 5,
    "ci_95": 0.5648969208744934
  },
  "time_tn_exact": {
    "mean": 0.004044342041015625,
    "std": 5.730531281889128e-05,
    "min": 0.003965139389038086,
    "max": 0.004125118255615234,
    "median": 0.0040302276611328125,
    "count": 5,
    "ci_95": 5.023032137449295e-05
  },
  "energy_tn_exact": {
    "mean": 3.564331203499937,
    "std": 0.6444632221202485,
    "min": 2.5319299538093287,
    "max": 4.555702894027479,
    "median": 3.6075595428293945,
    "count": 5,
    "ci_95": 0.5648969208744934
  },
  "time_tn_chi_2": {
    "mean": 0.004074382781982422,
    "std": 0.00011914503273080312,
    "min": 0.003920555114746094,
    "max": 0.0042724609375,
    "median": 0.004047870635986328,
    "count": 5,
    "ci_95": 0.00010443522580806516
  },
  "energy_tn_chi_2": {
    "mean": 3.564331203499937,
    "std": 0.6444632221202485,
    "min": 2.5319299538093287,
    "max": 4.555702894027479,
    "median": 3.6075595428293945,
    "count": 5,
    "ci_95": 0.5648969208744934
  },
  "time_tn_chi_4": {
    "mean": 0.0040642738342285155,
    "std": 7.067852728495348e-05,
    "min": 0.0039484500885009766,
    "max": 0.0041582584381103516,
    "median": 0.004079580307006836,
    "count": 5,
    "ci_95": 6.195246069102201e-05
  },
  "energy_tn_chi_4": {
    "mean": 3.564331203499937,
    "std": 0.6444632221202485,
    "min": 2.5319299538093287,
    "max": 4.555702894027479,
    "median": 3.6075595428293945,
    "count": 5,
    "ci_95": 0.5648969208744934
  },
  "time_tn_chi_8": {
    "mean": 0.0041329383850097655,
    "std": 7.0179900903503e-05,
    "min": 0.004023551940917969,
    "max": 0.004208803176879883,
    "median": 0.004175662994384766,
    "count": 5,
    "ci_95": 6.151539539717718e-05
  },
  "energy_tn_chi_8": {
    "mean": 3.564331203499937,
    "std": 0.6444632221202485,
    "min": 2.5319299538093287,
    "max": 4.555702894027479,
    "median": 3.6075595428293945,
    "count": 5,
    "ci_95": 0.5648969208744934
  },
  "time_tn_chi_16": {
    "mean": 0.004035425186157226,
    "std": 7.139884530219598e-05,
    "min": 0.003932952880859375,
    "max": 0.0041162967681884766,
    "median": 0.0040323734283447266,
    "count": 5,
    "ci_95": 6.258384727139507e-05
  },
  "energy_tn_chi_16": {
    "mean": 3.564331203499937,
    "std": 0.6444632221202485,
    "min": 2.5319299538093287,
    "max": 4.555702894027479,
    "median": 3.6075595428293945,
    "count": 5,
    "ci_95": 0.5648969208744934
  },
  "time_tn_chi_32": {
    "mean": 0.003998374938964844,
    "std": 0.00013593945808946966,
    "min": 0.0038657188415527344,
    "max": 0.004243373870849609,
    "median": 0.003922462463378906,
    "count": 5,
    "ci_95": 0.00011915618869211484
  },
  "energy_tn_chi_32": {
    "mean": 3.564331203499937,
    "std": 0.6444632221202485,
    "min": 2.5319299538093287,
    "max": 4.555702894027479,
    "median": 3.6075595428293945,
    "count": 5,
    "ci_95": 0.5648969208744934
  }
}