{
  "num_cuts": {
    "mean": 0.0,
    "std": 0.0,
    "min": 0.0,
    "max": 0.0,
    "median": 0.0,
    "count": 5,
    "ci_95": 0.0
  },
  "num_fragments": {
    "mean": 1.0,
    "std": 0.0,
    "min": 1.0,
    "max": 1.0,
    "median": 1.0,
    "count": 5,
    "ci_95": 0.0
  },
  "time_ibm": {
    "mean": 0.002686595916748047,
    "std": 0.0002160106326039845,
    "min": 0.0025010108947753906,
    "max": 0.0030808448791503906,
    "median": 0.0025784969329833984,
    "count": 5,
    "ci_95": 0.00018934166767917477
  },
  "energy_ibm": {
    "mean": 2.7850349096448093,
    "std": 0.9122582331186394,
    "min": 1.3450131552619615,
    "max": 4.126459534432613,
    "median": 2.794629768099287,
    "count": 5,
    "ci_95": 0.7996295975365539
  },
  "time_tn_exact": {
    "mean": 0.0024866580963134764,
    "std": 0.00014689923501368338,
    "min": 0.002355337142944336,
    "max": 0.0027704238891601562,
    "median": 0.0024247169494628906,
    "count": 5,
    "ci_95": 0.00012876285673065879
  },
  "energy_tn_exact": {
    "mean": 2.7850349096448093,
    "std": 0.9122582331186394,
    "min": 1.3450131552619615,
    "max": 4.126459534432613,
    "median": 2.794629768099287,
    "count": 5,
    "ci_95": 0.7996295975365539
  },
  "time_tn_chi_2": {
    "mean": 0.002490234375,
    "std": 6.476677453547482e-05,
    "min": 0.0023827552795410156,
    "max": 0.0025742053985595703,
    "median": 0.002489328384399414,
    "count": 5,
    "ci_95": 5.677058093353182e-05
  },
  "energy_tn_chi_2": {
    "mean": 2.7850349096448093,
    "std": 0.9122582331186394,
    "min": 1.3450131552619615,
    "max": 4.126459534432613,
    "median": 2.794629768099287,
    "count": 5,
    "ci_95": 0.7996295975365539
  },
  "time_tn_chi_4": {
    "mean": 0.0024589061737060546,
    "std": 5.554766088943636e-05,
    "min": 0.0024018287658691406,
    "max": 0.0025610923767089844,
    "median": 0.0024449825286865234,
    "count": 5,
    "ci_95": 4.8689671530035356e-05
  },
  "energy_tn_chi_4": {
    "mean": 2.7850349096448093,
    "std": 0.9122582331186394,
    "min": 1.3450131552619615,
    "max": 4.126459534432613,
    "median": 2.794629768099287,
    "count": 5,
    "ci_95": 0.7996295975365539
  },
  "time_tn_chi_8": {
    "mean": 0.002411031723022461,
    "std": 0.00011032558978547333,
    "min": 0.0023355484008789062,
    "max": 0.002628803253173828,
    "median": 0.002367734909057617,
    "count": 5,
    "ci_95": 9.670464321988531e-05
  },
  "energy_tn_chi_8": {
    "mean": 2.7850349096448093,
    "std": 0.9122582331186394,
    "min": 1.3450131552619615,
    "max": 4.126459534432613,
    "median": 2.794629768099287,
    "count": 5,
    "ci_95": 0.7996295975365539
  },
  "time_tn_chi_16": {
    "mean": 0.0024268627166748047,
    "std": 8.600693726630288e-05,
    "min": 0.002316713333129883,
    "max": 0.0025637149810791016,
    "median": 0.002447843551635742,
    "count": 5,
    "ci_95": 7.538840443949316e-05
  },
  "energy_tn_chi_16": {
    "mean": 2.7850349096448093,
    "std": 0.9122582331186394,
    "min": 1.3450131552619615,
    "max": 4.126459534432613,
    "median": 2.794629768099287,
    "count": 5,
    "ci_95": 0.7996295975365539
  },
  "time_tn_chi_32": {
    "mean": 0.0024602413177490234,
    "std": 7.328244061796901e-05,
    "min": 0.0023326873779296875,
    "max": 0.002560853958129883,
    "median": 0.0024733543395996094,
    "count": 5,
    "ci_95": 6.423489136131719e-05
  },
  "energy_tn_chi_32": {
    "mean": 2.7850349096448093,
    "std": 0.9122582331186394,
    "min": 1.3450131552619615,
    "max": 4.126459534432613,
    "median": 2.794629768099287,
    "count": 5,
    "ci_95": 0.7996295975365539
  }
}