{
  "num_cuts": {
    "mean": 2.6,
    "std": 0.8,
    "min": 1.0,
    "max": 3.0,
    "median": 3.0,
    "count": 5,
    "ci_95": 0.7012309177439341
  },
  "num_fragments": {
    "mean": 2.0,
    "std": 0.0,
    "min": 2.0,
    "max": 2.0,
    "median": 2.0,
    "count": 5,
    "ci_95": 0.0
  },
  "time_tn_chi_2": {
    "mean": 175.45868773460387,
    "std": 117.19062835624428,
    "min": 5.25794243812561,
    "max": 334.26486372947693,
    "median": 204.35730409622192,
    "count": 5,
    "ci_95": 102.72211484154684
  },
  "energy_tn_chi_2": {
    "mean": 16.96778662404673,
    "std": 3.536318749612285,
    "min": 12.917494079338683,
    "max": 22.164353865211275,
    "median": 15.682026855687548,
    "count": 5,
    "ci_95": 3.09972005278213
  },
  "time_tn_chi_4": {
    "mean": 175.68938598632812,
    "std": 117.14128122631949,
    "min": 5.230557918548584,
    "max": 334.13661456108093,
    "median": 205.70360922813416,
    "count": 5,
    "ci_95": 102.67886017504036
  },
  "energy_tn_chi_4": {
    "mean": 16.96778662404673,
    "std": 3.536318749612285,
    "min": 12.917494079338683,
    "max": 22.164353865211275,
    "median": 15.682026855687548,
    "count": 5,
    "ci_95": 3.09972005278213
  },
  "time_tn_chi_8": {
    "mean": 175.09205045700074,
    "std": 116.5443726254353,
    "min": 5.250954866409302,
    "max": 331.5482187271118,
    "median": 205.35106587409973,
    "count": 5,
    "ci_95": 102.15564671753127
  },
  "energy_tn_chi_8": {
    "mean": 16.96778662404673,
    "std": 3.536318749612285,
    "min": 12.917494079338683,
    "max": 22.164353865211275,
    "median": 15.682026855687548,
    "count": 5,
    "ci_95": 3.09972005278213
  },
  "time_tn_chi_16": {
    "mean": 175.06208796501159,
    "std": 116.53073225957388,
    "min": 5.22576117515564,
    "max": 331.9520175457001,
    "median": 205.0770664215088,
    "count": 5,
    "ci_95": 102.14369040969206
  },
  "energy_tn_chi_16": {
    "mean": 16.96778662404673,
    "std": 3.536318749612285,
    "min": 12.917494079338683,
    "max": 22.164353865211275,
    "median": 15.682026855687548,
    "count": 5,
    "ci_95": 3.09972005278213
  },
  "time_tn_chi_32": {
    "mean": 175.00258350372314,
    "std": 116.4764006065498,
    "min": 5.251596927642822,
    "max": 332.1243085861206,
    "median": 204.40276265144348,
    "count": 5,
    "ci_95": 102.09606661605129
  },
  "energy_tn_chi_32": {
    "mean": 16.96778662404673,
    "std": 3.536318749612285,
    "min": 12.917494079338683,
    "max": 22.164353865211275,
    "median": 15.682026855687548,
    "count": 5,
    "ci_95": 3.09972005278213
  }
}