{
  "num_cuts": {
    "mean": 1.0,
    "std": 0.0,
    "min": 1.0,
    "max": 1.0,
    "median": 1.0,
    "count": 1,
    "ci_95": 0.0
  },
  "num_fragments": {
    "mean": 2.0,
    "std": 0.0,
    "min": 2.0,
    "max": 2.0,
    "median": 2.0,
    "count": 1,
    "ci_95": 0.0
  },
  "time_tn_chi_8": {
    "mean": 9.230119228363037,
    "std": 0.0,
    "min": 9.230119228363037,
    "max": 9.230119228363037,
    "median": 9.230119228363037,
    "count": 1,
    "ci_95": 0.0
  },
  "energy_tn_chi_8": {
    "mean": -17.6745236364826,
    "std": 0.0,
    "min": -17.6745236364826,
    "max": -17.6745236364826,
    "median": -17.6745236364826,
    "count": 1,
    "ci_95": 0.0
  }
}