{
  "num_cuts": {
    "mean": 2.2,
    "std": 0.9797958971132712,
    "min": 1.0,
    "max": 3.0,
    "median": 3.0,
    "count": 5,
    "ci_95": 0.8588289701681003
  },
  "num_fragments": {
    "mean": 2.0,
    "std": 0.0,
    "min": 2.0,
    "max": 2.0,
    "median": 2.0,
    "count": 5,
    "ci_95": 0.0
  },
  "time_tn_chi_2": {
    "mean": 33.630560111999515,
    "std": 30.459539387907416,
    "min": 0.933415412902832,
    "max": 76.94074726104736,
    "median": 30.757527351379395,
    "count": 5,
    "ci_95": 26.69896344879978
  },
  "energy_tn_chi_2": {
    "mean": 11.4261489586049,
    "std": 1.197935519921976,
    "min": 9.649840184809381,
    "max": 12.97440002956096,
    "median": 11.794208269439913,
    "count": 5,
    "ci_95": 1.05003678004118
  },
  "time_tn_chi_4": {
    "mean": 33.281855297088626,
    "std": 29.96027899032903,
    "min": 0.8967838287353516,
    "max": 76.18488907814026,
    "median": 31.724900722503662,
    "count": 5,
    "ci_95": 26.261342415315916
  },
  "energy_tn_chi_4": {
    "mean": 11.4261489586049,
    "std": 1.197935519921976,
    "min": 9.649840184809381,
    "max": 12.97440002956096,
    "median": 11.794208269439913,
    "count": 5,
    "ci_95": 1.05003678004118
  },
  "time_tn_chi_8": {
    "mean": 33.04242491722107,
    "std": 29.84543151291147,
    "min": 0.9207935333251953,
    "max": 75.91416716575623,
    "median": 30.98857617378235,
    "count": 5,
    "ci_95": 26.1606741628283
  },
  "energy_tn_chi_8": {
    "mean": 11.4261489586049,
    "std": 1.197935519921976,
    "min": 9.649840184809381,
    "max": 12.97440002956096,
    "median": 11.794208269439913,
    "count": 5,
    "ci_95": 1.05003678004118
  },
  "time_tn_chi_16": {
    "mean": 33.914991521835326,
    "std": 30.875121574827702,
    "min": 0.9371280670166016,
    "max": 79.55623054504395,
    "median": 31.784717798233032,
    "count": 5,
    "ci_95": 27.06323729671496
  },
  "energy_tn_chi_16": {
    "mean": 11.4261489586049,
    "std": 1.197935519921976,
    "min": 9.649840184809381,
    "max": 12.97440002956096,
    "median": 11.794208269439913,
    "count": 5,
    "ci_95": 1.05003678004118
  },
  "time_tn_chi_32": {
    "mean": 34.08598728179932,
    "std": 31.286735211367017,
    "min": 0.9205982685089111,
    "max": 80.8845202922821,
    "median": 31.290615797042847,
    "count": 5,
    "ci_95": 27.424032556847934
  },
  "energy_tn_chi_32": {
    "mean": 11.4261489586049,
    "std": 1.197935519921976,
    "min": 9.649840184809381,
    "max": 12.97440002956096,
    "median": 11.794208269439913,
    "count": 5,
    "ci_95": 1.05003678004118
  }
}