{
  "num_cuts": {
    "mean": 2.2,
    "std": 0.9797958971132712,
    "min": 1.0,
    "max": 3.0,
    "median": 3.0,
    "count": 5,
    "ci_95": 0.8588289701681003
  },
  "num_fragments": {
    "mean": 2.0,
    "std": 0.0,
    "min": 2.0,
    "max": 2.0,
    "median": 2.0,
    "count": 5,
    "ci_95": 0.0
  },
  "time_tn_chi_2": {
    "mean": 70.31549420356751,
    "std": 60.92289900913807,
    "min": 0.9907593727111816,
    "max": 153.81283283233643,
    "median": 77.77651357650757,
    "count": 5,
    "ci_95": 53.40127547974863
  },
  "energy_tn_chi_2": {
    "mean": 13.491175829414317,
    "std": 1.8482289529161815,
    "min": 11.256197692686875,
    "max": 16.454677741939292,
    "median": 13.73201067245396,
    "count": 5,
    "ci_95": 1.6200441060679052
  },
  "time_tn_chi_4": {
    "mean": 70.13674149513244,
    "std": 60.669478264227855,
    "min": 1.0170912742614746,
    "max": 152.52377796173096,
    "median": 77.73152589797974,
    "count": 5,
    "ci_95": 53.1791424028377
  },
  "energy_tn_chi_4": {
    "mean": 13.491175829414317,
    "std": 1.8482289529161815,
    "min": 11.256197692686875,
    "max": 16.454677741939292,
    "median": 13.73201067245396,
    "count": 5,
    "ci_95": 1.6200441060679052
  },
  "time_tn_chi_8": {
    "mean": 70.11634879112243,
    "std": 60.66907894723786,
    "min": 1.0154750347137451,
    "max": 152.96463203430176,
    "median": 77.7164192199707,
    "count": 5,
    "ci_95": 53.178792386063485
  },
  "energy_tn_chi_8": {
    "mean": 13.491175829414317,
    "std": 1.8482289529161815,
    "min": 11.256197692686875,
    "max": 16.454677741939292,
    "median": 13.73201067245396,
    "count": 5,
    "ci_95": 1.6200441060679052
  },
  "time_tn_chi_16": {
    "mean": 70.29505791664124,
    "std": 61.0216669997335,
    "min": 1.1107447147369385,
    "max": 154.61012840270996,
    "median": 77.54297685623169,
    "count": 5,
    "ci_95": 53.487849440609814
  },
  "energy_tn_chi_16": {
    "mean": 13.491175829414317,
    "std": 1.8482289529161815,
    "min": 11.256197692686875,
    "max": 16.454677741939292,
    "median": 13.73201067245396,
    "count": 5,
    "ci_95": 1.6200441060679052
  },
  "time_tn_chi_32": {
    "mean": 70.29433541297912,
    "std": 60.93461575259865,
    "min": 0.9898266792297363,
    "max": 153.69225025177002,
    "median": 77.54483342170715,
    "count": 5,
    "ci_95": 53.41154565821091
  },
  "energy_tn_chi_32": {
    "mean": 13.491175829414317,
    "std": 1.8482289529161815,
    "min": 11.256197692686875,
    "max": 16.454677741939292,
    "median": 13.73201067245396,
    "count": 5,
    "ci_95": 1.6200441060679052
  }
}