{
  "num_cuts": {
    "mean": 0.0,
    "std": 0.0,
    "min": 0.0,
    "max": 0.0,
    "median": 0.0,
    "count": 5,
    "ci_95": 0.0
  },
  "num_fragments": {
    "mean": 1.0,
    "std": 0.0,
    "min": 1.0,
    "max": 1.0,
    "median": 1.0,
    "count": 5,
    "ci_95": 0.0
  },
  "time_ibm": {
    "mean": 0.0030460357666015625,
    "std": 0.00022253919163621892,
    "min": 0.002811908721923828,
    "max": 0.0033736228942871094,
    "median": 0.002972126007080078,
    "count": 5,
    "ci_95": 0.00019506420198132373
  },
  "energy_ibm": {
    "mean": 2.7850349096448093,
    "std": 0.9122582331186394,
    "min": 1.3450131552619615,
    "max": 4.126459534432613,
    "median": 2.794629768099287,
    "count": 5,
    "ci_95": 0.7996295975365539
  },
  "time_tn_exact": {
    "mean": 0.0027362346649169923,
    "std": 0.00011718787097623836,
    "min": 0.0026178359985351562,
    "max": 0.0029332637786865234,
    "median": 0.0026998519897460938,
    "count": 5,
    "ci_95": 0.0001027196978914067
  },
  "energy_tn_exact": {
    "mean": 2.7850349096448093,
    "std": 0.9122582331186394,
    "min": 1.3450131552619615,
    "max": 4.126459534432613,
    "median": 2.794629768099287,
    "count": 5,
    "ci_95": 0.7996295975365539
  },
  "time_tn_chi_2": {
    "mean": 0.0026745319366455076,
    "std": 8.606063980763664e-05,
    "min": 0.0025758743286132812,
    "max": 0.0028159618377685547,
    "median": 0.002627849578857422,
    "count": 5,
    "ci_95": 7.543547679242397e-05
  },
  "energy_tn_chi_2": {
    "mean": 2.7850349096448093,
    "std": 0.9122582331186394,
    "min": 1.3450131552619615,
    "max": 4.126459534432613,
    "median": 2.794629768099287,
    "count": 5,
    "ci_95": 0.7996295975365539
  },
  "time_tn_chi_4": {
    "mean": 0.0026859760284423826,
    "std": 0.00014331470687866445,
    "min": 0.0025365352630615234,
    "max": 0.0029282569885253906,
    "median": 0.002603292465209961,
    "count": 5,
    "ci_95": 0.00012562087928841097
  },
  "energy_tn_chi_4": {
    "mean": 2.7850349096448093,
    "std": 0.9122582331186394,
    "min": 1.3450131552619615,
    "max": 4.126459534432613,
    "median": 2.794629768099287,
    "count": 5,
    "ci_95": 0.7996295975365539
  },
  "time_tn_chi_8": {
    "mean": 0.0026359081268310545,
    "std": 8.180841526037092e-05,
    "min": 0.002501249313354492,
    "max": 0.0027298927307128906,
    "median": 0.0026221275329589844,
    "count": 5,
    "ci_95": 7.170823764025844e-05
  },
  "energy_tn_chi_8": {
    "mean": 2.7850349096448093,
    "std": 0.9122582331186394,
    "min": 1.3450131552619615,
    "max": 4.126459534432613,
    "median": 2.794629768099287,
    "count": 5,
    "ci_95": 0.7996295975365539
  },
  "time_tn_chi_16": {
    "mean": 0.0028343677520751955,
    "std": 0.00044783868106249063,
    "min": 0.0025551319122314453,
    "max": 0.0037260055541992188,
    "median": 0.002614736557006836,
    "count": 5,
    "ci_95": 0.0003925479116533541
  },
  "energy_tn_chi_16": {
    "mean": 2.7850349096448093,
    "std": 0.9122582331186394,
    "min": 1.3450131552619615,
    "max": 4.126459534432613,
    "median": 2.794629768099287,
    "count": 5,
    "ci_95": 0.7996295975365539
  },
  "time_tn_chi_32": {
    "mean": 0.0027710914611816405,
    "std": 0.00028534492542062905,
    "min": 0.0025556087493896484,
    "max": 0.0033216476440429688,
    "median": 0.002639293670654297,
    "count": 5,
    "ci_95": 0.00025011585490785265
  },
  "energy_tn_chi_32": {
    "mean": 2.7850349096448093,
    "std": 0.9122582331186394,
    "min": 1.3450131552619615,
    "max": 4.126459534432613,
    "median": 2.794629768099287,
    "count": 5,
    "ci_95": 0.7996295975365539
  }
}