{
  "num_cuts": {
    "mean": 0.0,
    "std": 0.0,
    "min": 0.0,
    "max": 0.0,
    "median": 0.0,
    "count": 5,
    "ci_95": 0.0
  },
  "num_fragments": {
    "mean": 1.0,
    "std": 0.0,
    "min": 1.0,
    "max": 1.0,
    "median": 1.0,
    "count": 5,
    "ci_95": 0.0
  },
  "time_ibm": {
    "mean": 0.004886627197265625,
    "std": 0.00018488926547304428,
    "min": 0.004645586013793945,
    "max": 0.005186319351196289,
    "median": 0.004893302917480469,
    "count": 5,
    "ci_95": 0.00016206258663583085
  },
  "energy_ibm": {
    "mean": 3.564331203499937,
    "std": 0.6444632221202485,
    "min": 2.5319299538093287,
    "max": 4.555702894027479,
    "median": 3.6075595428293945,
    "count": 5,
    "ci_95": 0.5648969208744934
  },
  "time_tn_exact": {
    "mean": 0.004987525939941406,
    "std": 0.00015443557894215083,
    "min": 0.004794120788574219,
    "max": 0.005217075347900391,
    "median": 0.0050182342529296875,
    "count": 5,
    "ci_95": 0.00013536875344240024
  },
  "energy_tn_exact": {
    "mean": 3.564331203499937,
    "std": 0.6444632221202485,
    "min": 2.5319299538093287,
    "max": 4.555702894027479,
    "median": 3.6075595428293945,
    "count": 5,
    "ci_95": 0.5648969208744934
  },
  "time_tn_chi_2": {
    "mean": 0.004800128936767578,
    "std": 0.00015285159212836472,
    "min": 0.0046062469482421875,
    "max": 0.004994630813598633,
    "median": 0.004861116409301758,
    "count": 5,
    "ci_95": 0.00013398032778349334
  },
  "energy_tn_chi_2": {
    "mean": 3.564331203499937,
    "std": 0.6444632221202485,
    "min": 2.5319299538093287,
    "max": 4.555702894027479,
    "median": 3.6075595428293945,
    "count": 5,
    "ci_95": 0.5648969208744934
  },
  "time_tn_chi_4": {
    "mean": 0.0045699596405029295,
    "std": 0.00011801747601408601,
    "min": 0.004458427429199219,
    "max": 0.0047872066497802734,
    "median": 0.004564046859741211,
    "count": 5,
    "ci_95": 0.00010344687876897532
  },
  "energy_tn_chi_4": {
    "mean": 3.564331203499937,
    "std": 0.6444632221202485,
    "min": 2.5319299538093287,
    "max": 4.555702894027479,
    "median": 3.6075595428293945,
    "count": 5,
    "ci_95": 0.5648969208744934
  },
  "time_tn_chi_8": {
    "mean": 0.004892301559448242,
    "std": 0.0003667779037867242,
    "min": 0.004500865936279297,
    "max": 0.005460977554321289,
    "median": 0.004831075668334961,
    "count": 5,
    "ci_95": 0.0003214950076007012
  },
  "energy_tn_chi_8": {
    "mean": 3.564331203499937,
    "std": 0.6444632221202485,
    "min": 2.5319299538093287,
    "max": 4.555702894027479,
    "median": 3.6075595428293945,
    "count": 5,
    "ci_95": 0.5648969208744934
  },
  "time_tn_chi_16": {
    "mean": 0.004870939254760742,
    "std": 0.00030762137310126673,
    "min": 0.0046236515045166016,
    "max": 0.005465507507324219,
    "median": 0.004752635955810547,
    "count": 5,
    "ci_95": 0.000269642022221813
  },
  "energy_tn_chi_16": {
    "mean": 3.564331203499937,
    "std": 0.6444632221202485,
    "min": 2.5319299538093287,
    "max": 4.555702894027479,
    "median": 3.6075595428293945,
    "count": 5,
    "ci_95": 0.5648969208744934
  },
  "time_tn_chi_32": {
    "mean": 0.004626655578613281,
    "std": 7.282735025579014e-05,
    "min": 0.004531383514404297,
    "max": 0.0047457218170166016,
    "median": 0.0046024322509765625,
    "count": 5,
    "ci_95": 6.38359870709083e-05
  },
  "energy_tn_chi_32": {
    "mean": 3.564331203499937,
    "std": 0.6444632221202485,
    "min": 2.5319299538093287,
    "max": 4.555702894027479,
    "median": 3.6075595428293945,
    "count": 5,
    "ci_95": 0.5648969208744934
  }
}