{
  "num_cuts": {
    "mean": 0.0,
    "std": 0.0,
    "min": 0.0,
    "max": 0.0,
    "median": 0.0,
    "count": 5,
    "ci_95": 0.0
  },
  "num_fragments": {
    "mean": 1.0,
    "std": 0.0,
    "min": 1.0,
    "max": 1.0,
    "median": 1.0,
    "count": 5,
    "ci_95": 0.0
  },
  "time_ibm": {
    "mean": 0.010030794143676757,
    "std": 0.00010837978890494056,
    "min": 0.009938955307006836,
    "max": 0.010184288024902344,
    "median": 0.00995016098022461,
    "count": 5,
    "ci_95": 9.499907354838162e-05
  },
  "energy_ibm": {
    "mean": 4.881166277745651,
    "std": 1.3661085347006168,
    "min": 2.84982131697493,
    "max": 6.626607241215281,
    "median": 5.496901438195337,
    "count": 5,
    "ci_95": 1.197446926907418
  },
  "time_tn_exact": {
    "mean": 0.009902858734130859,
    "std": 8.111876037318834e-05,
    "min": 0.009787559509277344,
    "max": 0.010033369064331055,
    "median": 0.00988006591796875,
    "count": 5,
    "ci_95": 7.110372847842641e-05
  },
  "energy_tn_exact": {
    "mean": 4.881166277745651,
    "std": 1.3661085347006168,
    "min": 2.84982131697493,
    "max": 6.626607241215281,
    "median": 5.496901438195337,
    "count": 5,
    "ci_95": 1.197446926907418
  },
  "time_tn_chi_2": {
    "mean": 0.009961843490600586,
    "std": 0.00016337223223540542,
    "min": 0.009770870208740234,
    "max": 0.010178804397583008,
    "median": 0.010037422180175781,
    "count": 5,
    "ci_95": 0.00014320207543038556
  },
  "energy_tn_chi_2": {
    "mean": 4.881166277745651,
    "std": 1.3661085347006168,
    "min": 2.84982131697493,
    "max": 6.626607241215281,
    "median": 5.496901438195337,
    "count": 5,
    "ci_95": 1.197446926907418
  },
  "time_tn_chi_4": {
    "mean": 0.009930658340454101,
    "std": 8.096680905135596e-05,
    "min": 0.009857177734375,
    "max": 0.010081768035888672,
    "median": 0.009888410568237305,
    "count": 5,
    "ci_95": 7.097053727235025e-05
  },
  "energy_tn_chi_4": {
    "mean": 4.881166277745651,
    "std": 1.3661085347006168,
    "min": 2.84982131697493,
    "max": 6.626607241215281,
    "median": 5.496901438195337,
    "count": 5,
    "ci_95": 1.197446926907418
  },
  "time_tn_chi_8": {
    "mean": 0.009978437423706054,
    "std": 0.00014997196485873484,
    "min": 0.00982213020324707,
    "max": 0.01015782356262207,
    "median": 0.009917974472045898,
    "count": 5,
    "ci_95": 0.00013145622319218957
  },
  "energy_tn_chi_8": {
    "mean": 4.881166277745651,
    "std": 1.3661085347006168,
    "min": 2.84982131697493,
    "max": 6.626607241215281,
    "median": 5.496901438195337,
    "count": 5,
    "ci_95": 1.197446926907418
  },
  "time_tn_chi_16": {
    "mean": 0.009909963607788086,
    "std": 7.147256158228446e-05,
    "min": 0.009788990020751953,
    "max": 0.0099945068359375,
    "median": 0.00992894172668457,
    "count": 5,
    "ci_95": 6.264846243981897e-05
  },
  "energy_tn_chi_16": {
    "mean": 4.881166277745651,
    "std": 1.3661085347006168,
    "min": 2.84982131697493,
    "max": 6.626607241215281,
    "median": 5.496901438195337,
    "count": 5,
    "ci_95": 1.197446926907418
  },
  "time_tn_chi_32": {
    "mean": 0.009880876541137696,
    "std": 0.00011006849795282973,
    "min": 0.009697914123535156,
    "max": 0.010020971298217773,
    "median": 0.009861469268798828,
    "count": 5,
    "ci_95": 9.64792922926989e-05
  },
  "energy_tn_chi_32": {
    "mean": 4.881166277745651,
    "std": 1.3661085347006168,
    "min": 2.84982131697493,
    "max": 6.626607241215281,
    "median": 5.496901438195337,
    "count": 5,
    "ci_95": 1.197446926907418
  }
}