{
    "8": {
        "exact_energy": 7.4359140988961085,
        "energy_ibm": 7.435914098896107,
        "energy_tn": 7.435914098896107,
        "diff_ibm_tn": 0.0,
        "diff_exact_tn": 1.7763568394002505e-15,
        "time_ibm": 0.06151103973388672,
        "time_tn": 0.061566829681396484,
        "num_cuts": 1
    },
    "10": {
        "exact_energy": 9.031944919591902,
        "energy_ibm": 9.031944919591902,
        "energy_tn": 9.031944919591902,
        "diff_ibm_tn": 0.0,
        "diff_exact_tn": 0.0,
        "time_ibm": 0.10378098487854004,
        "time_tn": 0.10220575332641602,
        "num_cuts": 1
    },
    "12": {
        "exact_energy": 11.365328389531108,
        "energy_ibm": 11.365328389531124,
        "energy_tn": 11.365328389531124,
        "diff_ibm_tn": 0.0,
        "diff_exact_tn": 1.5987211554602254e-14,
        "time_ibm": 0.17238354682922363,
        "time_tn": 0.17055726051330566,
        "num_cuts": 1
    },
    "14": {
        "exact_energy": 17.378724324632,
        "energy_ibm": 17.378724324631975,
        "energy_tn": 17.378724324631975,
        "diff_ibm_tn": 0.0,
        "diff_exact_tn": 2.4868995751603507e-14,
        "time_ibm": 0.3203892707824707,
        "time_tn": 0.3155398368835449,
        "num_cuts": 1
    },
    "16": {
        "exact_energy": 21.494828351975368,
        "energy_ibm": 21.49482835197546,
        "energy_tn": 21.49482835197546,
        "diff_ibm_tn": 0.0,
        "diff_exact_tn": 9.237055564881302e-14,
        "time_ibm": 0.5818548202514648,
        "time_tn": 0.5838127136230469,
        "num_cuts": 1
    }
}