{
    "N": 10,
    "shots": 1000000,
    "p_cx": 0.05,
    "chi": 8,
    "gamma": 27,
    "norm_H": 15.0,
    "E_ideal": 10.727979570954382,
    "monolithic": {
        "eps_phys": 1.9288849820004632,
        "eps_trunc": 0.0,
        "eps_stat": 0.015,
        "total_bound": 1.9438849820004631
    },
    "dynacut": {
        "eps_phys": 1.654993413143961,
        "eps_trunc": 0.17779715672048546,
        "eps_stat": 0.405,
        "total_bound": 2.2377905698644467
    }
}