{
  "optimal_energy": {
    "mean": 0.06919304221056347,
    "std": 0.029957701321723866,
    "min": 0.03775611041865545,
    "max": 0.13046752291005126,
    "median": 0.06393988063045483,
    "count": 10
  },
  "exact_ground_state": {
    "mean": 0.0,
    "std": 0.0,
    "min": 0.0,
    "max": 0.0,
    "median": 0.0,
    "count": 10
  },
  "num_evaluations": {
    "mean": 42.0,
    "std": 0.0,
    "min": 42.0,
    "max": 42.0,
    "median": 42.0,
    "count": 10
  },
  "time_seconds": {
    "mean": 24.736199808120727,
    "std": 61.66075855073129,
    "min": 3.3662023544311523,
    "max": 209.7135808467865,
    "median": 4.424064636230469,
    "count": 10
  },
  "cuts": {
    "mean": 1.2,
    "std": 0.6000000000000001,
    "min": 1.0,
    "max": 3.0,
    "median": 1.0,
    "count": 10
  }
}